time,load_shortfall_3h
2018-01-01 00:00:00,5393.1484
2018-01-01 03:00:00,4167.0557
2018-01-01 06:00:00,8115.1304
2018-01-01 09:00:00,10722.099
2018-01-01 12:00:00,10844.1045
2018-01-01 15:00:00,10129.404
2018-01-01 18:00:00,10072.378
2018-01-01 21:00:00,7970.3755
2018-01-02 00:00:00,6518.401
2018-01-02 03:00:00,4278.4185
2018-01-02 06:00:00,8060.7583
2018-01-02 09:00:00,10588.379
2018-01-02 12:00:00,8426.348
2018-01-02 15:00:00,8381.8955
2018-01-02 18:00:00,9200.559
2018-01-02 21:00:00,8130.131
2018-01-03 00:00:00,5398.03
2018-01-03 03:00:00,4559.323
2018-01-03 06:00:00,6582.5786
2018-01-03 09:00:00,9008.184
2018-01-03 12:00:00,8060.7905
2018-01-03 15:00:00,5656.024
2018-01-03 18:00:00,7895.5576
2018-01-03 21:00:00,8095.9355
2018-01-04 00:00:00,5772.1997
2018-01-04 03:00:00,4266.6865
2018-01-04 06:00:00,6742.066
2018-01-04 09:00:00,9061.014
2018-01-04 12:00:00,7596.7056
2018-01-04 15:00:00,5676.437
2018-01-04 18:00:00,7608.9307
2018-01-04 21:00:00,7569.3477
2018-01-05 00:00:00,4859.428
2018-01-05 03:00:00,2911.5369
2018-01-05 06:00:00,6328.8384
2018-01-05 09:00:00,8051.496
2018-01-05 12:00:00,6738.3364
2018-01-05 15:00:00,11293.281
2018-01-05 18:00:00,8649.194
2018-01-05 21:00:00,7303.8516
2018-01-06 00:00:00,10622.711
2018-01-06 03:00:00,10973.97
2018-01-06 06:00:00,11774.22
2018-01-06 09:00:00,11635.704
2018-01-06 12:00:00,12865.596
2018-01-06 15:00:00,13303.147
2018-01-06 18:00:00,8573.599
2018-01-06 21:00:00,6842.4043
2018-01-07 00:00:00,8632.801
2018-01-07 03:00:00,14031.394
2018-01-07 06:00:00,13213.28
2018-01-07 09:00:00,12888.35
2018-01-07 12:00:00,13273.248
2018-01-07 15:00:00,11954.559
2018-01-07 18:00:00,9872.693
2018-01-07 21:00:00,8845.19
2018-01-08 00:00:00,12221.288
2018-01-08 03:00:00,14144.118
2018-01-08 06:00:00,14122.667
2018-01-08 09:00:00,13825.934
2018-01-08 12:00:00,14708.7
2018-01-08 15:00:00,12723.515
2018-01-08 18:00:00,10945.517
2018-01-08 21:00:00,9339.784
2018-01-09 00:00:00,12638.295
2018-01-09 03:00:00,14578.942
2018-01-09 06:00:00,15168.18
2018-01-09 09:00:00,14753.071
2018-01-09 12:00:00,14922.617
2018-01-09 15:00:00,14030.056
2018-01-09 18:00:00,10390.487
2018-01-09 21:00:00,8935.357
2018-01-10 00:00:00,12331.028
2018-01-10 03:00:00,15013.814
2018-01-10 06:00:00,14843.77
2018-01-10 09:00:00,14226.671
2018-01-10 12:00:00,13998.311
2018-01-10 15:00:00,12195.92
2018-01-10 18:00:00,9497.98
2018-01-10 21:00:00,8532.692
2018-01-11 00:00:00,12659.911
2018-01-11 03:00:00,13874.893
2018-01-11 06:00:00,13779.741
2018-01-11 09:00:00,13415.012
2018-01-11 12:00:00,13253.899
2018-01-11 15:00:00,12600.352
2018-01-11 18:00:00,10177.618
2018-01-11 21:00:00,9072.61
2018-01-12 00:00:00,12244.361
2018-01-12 03:00:00,14402.402
2018-01-12 06:00:00,14760.072
2018-01-12 09:00:00,14053.445
2018-01-12 12:00:00,14196.282
2018-01-12 15:00:00,8837.828
2018-01-12 18:00:00,9110.898
2018-01-12 21:00:00,7267.212
2018-01-13 00:00:00,12244.699
2018-01-13 03:00:00,15329.747
2018-01-13 06:00:00,15139.241
2018-01-13 09:00:00,14347.449
2018-01-13 12:00:00,14164.387
2018-01-13 15:00:00,11468.125
2018-01-13 18:00:00,9822.213
2018-01-13 21:00:00,4046.0266
2018-01-14 00:00:00,9803.56
2018-01-14 03:00:00,13312.006
2018-01-14 06:00:00,13210.957
2018-01-14 09:00:00,12473.268
2018-01-14 12:00:00,13987.411
2018-01-14 15:00:00,11043.422
2018-01-14 18:00:00,8029.091
2018-01-14 21:00:00,6374.6597
2018-01-15 00:00:00,10334.361
2018-01-15 03:00:00,13866.051
2018-01-15 06:00:00,13761.86
2018-01-15 09:00:00,11604.833
2018-01-15 12:00:00,13018.074
2018-01-15 15:00:00,10475.38
2018-01-15 18:00:00,6569.3325
2018-01-15 21:00:00,4622.631
2018-01-16 00:00:00,10248.681
2018-01-16 03:00:00,12983.315
2018-01-16 06:00:00,12006.669
2018-01-16 09:00:00,10731.799
2018-01-16 12:00:00,9919.486
2018-01-16 15:00:00,8827.478
2018-01-16 18:00:00,5079.0464
2018-01-16 21:00:00,3398.2688
2018-01-17 00:00:00,9079.997
2018-01-17 03:00:00,11730.804
2018-01-17 06:00:00,12693.624
2018-01-17 09:00:00,11223.476
2018-01-17 12:00:00,9192.992
2018-01-17 15:00:00,7413.435
2018-01-17 18:00:00,6362.806
2018-01-17 21:00:00,5207.976
2018-01-18 00:00:00,10814.22
2018-01-18 03:00:00,14149.4
2018-01-18 06:00:00,12012.286
2018-01-18 09:00:00,11218.564
2018-01-18 12:00:00,13134.7705
2018-01-18 15:00:00,10254.48
2018-01-18 18:00:00,7474.925
2018-01-18 21:00:00,7063.6772
2018-01-19 00:00:00,11230.699
2018-01-19 03:00:00,15233.045
2018-01-19 06:00:00,13859.671
2018-01-19 09:00:00,13684.294
2018-01-19 12:00:00,9956.432
2018-01-19 15:00:00,8419.622
2018-01-19 18:00:00,6704.5195
2018-01-19 21:00:00,5403.754
2018-01-20 00:00:00,9159.647
2018-01-20 03:00:00,11859.534
2018-01-20 06:00:00,11371.05
2018-01-20 09:00:00,11164.651
2018-01-20 12:00:00,9854.175
2018-01-20 15:00:00,8882.198
2018-01-20 18:00:00,5046.693
2018-01-20 21:00:00,3239.991
2018-01-21 00:00:00,7483.5957
2018-01-21 03:00:00,10380.525
2018-01-21 06:00:00,11681.701
2018-01-21 09:00:00,10313.656
2018-01-21 12:00:00,9443.4795
2018-01-21 15:00:00,8056.9834
2018-01-21 18:00:00,4827.5693
2018-01-21 21:00:00,5129.622
2018-01-22 00:00:00,9348.866
2018-01-22 03:00:00,12327.277
2018-01-22 06:00:00,12904.831
2018-01-22 09:00:00,10915.654
2018-01-22 12:00:00,9025.746
2018-01-22 15:00:00,8397.891
2018-01-22 18:00:00,6965.5493
2018-01-22 21:00:00,7454.9316
2018-01-23 00:00:00,9950.13
2018-01-23 03:00:00,11328.981
2018-01-23 06:00:00,12565.12
2018-01-23 09:00:00,11794.146
2018-01-23 12:00:00,9339.791
2018-01-23 15:00:00,8231.411
2018-01-23 18:00:00,8196.027
2018-01-23 21:00:00,7373.667
2018-01-24 00:00:00,11490.824
2018-01-24 03:00:00,12818.988
2018-01-24 06:00:00,13236.622
2018-01-24 09:00:00,13562.134
2018-01-24 12:00:00,11468.917
2018-01-24 15:00:00,10636.466
2018-01-24 18:00:00,9175.974
2018-01-24 21:00:00,7546.9717
2018-01-25 00:00:00,11716.22
2018-01-25 03:00:00,13854.641
2018-01-25 06:00:00,15507.312
2018-01-25 09:00:00,15326.672
2018-01-25 12:00:00,13503.855
2018-01-25 15:00:00,12592.019
2018-01-25 18:00:00,6430.646
2018-01-25 21:00:00,4722.905
2018-01-26 00:00:00,9279.251
2018-01-26 03:00:00,12390.606
2018-01-26 06:00:00,12175.964
2018-01-26 09:00:00,10980.954
2018-01-26 12:00:00,9299.31
2018-01-26 15:00:00,8807.171
2018-01-26 18:00:00,4639.5312
2018-01-26 21:00:00,2033.6182
2018-01-27 00:00:00,7251.18
2018-01-27 03:00:00,8863.953
2018-01-27 06:00:00,10914.434
2018-01-27 09:00:00,9380.7705
2018-01-27 12:00:00,7537.199
2018-01-27 15:00:00,8353.779
2018-01-27 18:00:00,6614.6147
2018-01-27 21:00:00,3341.9944
2018-01-28 00:00:00,9114.654
2018-01-28 03:00:00,11690.651
2018-01-28 06:00:00,11704.443
2018-01-28 09:00:00,10662.367
2018-01-28 12:00:00,10043.225
2018-01-28 15:00:00,10387.115
2018-01-28 18:00:00,8022.175
2018-01-28 21:00:00,5382.9214
2018-01-29 00:00:00,10802.6045
2018-01-29 03:00:00,13243.867
2018-01-29 06:00:00,12647.787
2018-01-29 09:00:00,11857.788
2018-01-29 12:00:00,10280.235
2018-01-29 15:00:00,9228.676
2018-01-29 18:00:00,6971.845
2018-01-29 21:00:00,7248.552
2018-01-30 00:00:00,10388.928
2018-01-30 03:00:00,12709.327
2018-01-30 06:00:00,12913.309
2018-01-30 09:00:00,12821.854
2018-01-30 12:00:00,11071.657
2018-01-30 15:00:00,9980.607
2018-01-30 18:00:00,8240.329
2018-01-30 21:00:00,7558.271
2018-01-31 00:00:00,10255.703
2018-01-31 03:00:00,13853.054
2018-01-31 06:00:00,13272.85
2018-01-31 09:00:00,13279.28
2018-01-31 12:00:00,13396.273
2018-01-31 15:00:00,10566.004
2018-01-31 18:00:00,6462.7266
2018-01-31 21:00:00,5666.363
2018-02-01 00:00:00,9465.617
2018-02-01 03:00:00,11915.358
2018-02-01 06:00:00,12198.998
2018-02-01 09:00:00,10852.443
2018-02-01 12:00:00,5734.8174
2018-02-01 15:00:00,4395.0684
2018-02-01 18:00:00,8353.075
2018-02-01 21:00:00,11142.449
2018-02-02 00:00:00,10955.65
2018-02-02 03:00:00,10277.355
2018-02-02 06:00:00,11446.343
2018-02-02 09:00:00,10091.54
2018-02-02 12:00:00,4476.9683
2018-02-02 15:00:00,2729.1416
2018-02-02 18:00:00,4461.704
2018-02-02 21:00:00,7698.679
2018-02-03 00:00:00,6981.0967
2018-02-03 03:00:00,6883.568
2018-02-03 06:00:00,8270.55
2018-02-03 09:00:00,7711.9375
2018-02-03 12:00:00,3630.3293
2018-02-03 15:00:00,2854.4653
2018-02-03 18:00:00,5754.1196
2018-02-03 21:00:00,7499.133
2018-02-04 00:00:00,6913.3335
2018-02-04 03:00:00,7143.2627
2018-02-04 06:00:00,8930.965
2018-02-04 09:00:00,9589.703
2018-02-04 12:00:00,5625.1685
2018-02-04 15:00:00,3404.9438
2018-02-04 18:00:00,7498.5938
2018-02-04 21:00:00,9112.789
2018-02-05 00:00:00,9504.538
2018-02-05 03:00:00,9121.515
2018-02-05 06:00:00,10028.117
2018-02-05 09:00:00,12516.112
2018-02-05 12:00:00,9333.591
2018-02-05 15:00:00,8411.931
2018-02-05 18:00:00,10889.684
2018-02-05 21:00:00,13342.613
2018-02-06 00:00:00,13454.578
2018-02-06 03:00:00,13974.594
2018-02-06 06:00:00,13983.581
2018-02-06 09:00:00,14119.612
2018-02-06 12:00:00,9914.321
2018-02-06 15:00:00,7843.809
2018-02-06 18:00:00,11551.481
2018-02-06 21:00:00,13193.528
2018-02-07 00:00:00,12989.645
2018-02-07 03:00:00,13234.092
2018-02-07 06:00:00,14299.935
2018-02-07 09:00:00,13458.337
2018-02-07 12:00:00,9945.147
2018-02-07 15:00:00,8926.74
2018-02-07 18:00:00,11363.366
2018-02-07 21:00:00,13419.744
2018-02-08 00:00:00,12634.488
2018-02-08 03:00:00,12307.756
2018-02-08 06:00:00,14817.155
2018-02-08 09:00:00,13423.761
2018-02-08 12:00:00,9472.794
2018-02-08 15:00:00,8758.412
2018-02-08 18:00:00,11240.359
2018-02-08 21:00:00,13903.711
2018-02-09 00:00:00,13112.475
2018-02-09 03:00:00,13609.761
2018-02-09 06:00:00,14402.573
2018-02-09 09:00:00,14549.273
2018-02-09 12:00:00,10645.784
2018-02-09 15:00:00,9792.89
2018-02-09 18:00:00,11795.908
2018-02-09 21:00:00,13087.391
2018-02-10 00:00:00,13126.06
2018-02-10 03:00:00,10858.796
2018-02-10 06:00:00,12100.303
2018-02-10 09:00:00,12043.724
2018-02-10 12:00:00,8762.157
2018-02-10 15:00:00,8969.208
2018-02-10 18:00:00,11432.269
2018-02-10 21:00:00,13310.58
2018-02-11 00:00:00,12778.242
2018-02-11 03:00:00,13427.271
2018-02-11 06:00:00,14709.653
2018-02-11 09:00:00,14837.468
2018-02-11 12:00:00,10952.141
2018-02-11 15:00:00,9845.94
2018-02-11 18:00:00,12124.749
2018-02-11 21:00:00,15387.105
2018-02-12 00:00:00,15171.536
2018-02-12 03:00:00,14024.166
2018-02-12 06:00:00,15533.833
2018-02-12 09:00:00,11739.951
2018-02-12 12:00:00,5681.465
2018-02-12 15:00:00,3079.9324
2018-02-12 18:00:00,7064.511
2018-02-12 21:00:00,11443.176
2018-02-13 00:00:00,11765.192
2018-02-13 03:00:00,10295.229
2018-02-13 06:00:00,12964.18
2018-02-13 09:00:00,9917.674
2018-02-13 12:00:00,3775.2952
2018-02-13 15:00:00,1227.272
2018-02-13 18:00:00,5309.035
2018-02-13 21:00:00,7812.6973
2018-02-14 00:00:00,8306.296
2018-02-14 03:00:00,7533.6934
2018-02-14 06:00:00,8062.144
2018-02-14 09:00:00,8856.147
2018-02-14 12:00:00,3781.7432
2018-02-14 15:00:00,1951.2695
2018-02-14 18:00:00,6054.641
2018-02-14 21:00:00,10081.645
2018-02-15 00:00:00,10595.08
2018-02-15 03:00:00,12029.17
2018-02-15 06:00:00,13401.556
2018-02-15 09:00:00,12399.977
2018-02-15 12:00:00,8482.113
2018-02-15 15:00:00,6223.6157
2018-02-15 18:00:00,10116.605
2018-02-15 21:00:00,12888.642
2018-02-16 00:00:00,12748.094
2018-02-16 03:00:00,11837.758
2018-02-16 06:00:00,14107.885
2018-02-16 09:00:00,13312.051
2018-02-16 12:00:00,8989.933
2018-02-16 15:00:00,5821.9805
2018-02-16 18:00:00,8476.9795
2018-02-16 21:00:00,11043.899
2018-02-17 00:00:00,11704.248
2018-02-17 03:00:00,10535.21
2018-02-17 06:00:00,11459.7295
2018-02-17 09:00:00,11719.397
2018-02-17 12:00:00,5916.1436
2018-02-17 15:00:00,3959.1917
2018-02-17 18:00:00,7022.8345
2018-02-17 21:00:00,11491.817
2018-02-18 00:00:00,12200.459
2018-02-18 03:00:00,11808.784
2018-02-18 06:00:00,12299.712
2018-02-18 09:00:00,11065.498
2018-02-18 12:00:00,6307.375
2018-02-18 15:00:00,3237.0396
2018-02-18 18:00:00,8204.465
2018-02-18 21:00:00,9383.536
2018-02-19 00:00:00,12104.62
2018-02-19 03:00:00,11587.051
2018-02-19 06:00:00,13358.981
2018-02-19 09:00:00,10516.126
2018-02-19 12:00:00,4336.8877
2018-02-19 15:00:00,4391.8315
2018-02-19 18:00:00,6672.777
2018-02-19 21:00:00,9187.602
2018-02-20 00:00:00,9244.613
2018-02-20 03:00:00,8780.982
2018-02-20 06:00:00,9998.435
2018-02-20 09:00:00,8325.481
2018-02-20 12:00:00,4110.8545
2018-02-20 15:00:00,2063.2395
2018-02-20 18:00:00,4752.8164
2018-02-20 21:00:00,6352.8706
2018-02-21 00:00:00,6939.3525
2018-02-21 03:00:00,6041.6123
2018-02-21 06:00:00,8958.885
2018-02-21 09:00:00,4855.2847
2018-02-21 12:00:00,2213.0376
2018-02-21 15:00:00,1270.6398
2018-02-21 18:00:00,6270.313
2018-02-21 21:00:00,11557.674
2018-02-22 00:00:00,11531.047
2018-02-22 03:00:00,11299.35
2018-02-22 06:00:00,12192.369
2018-02-22 09:00:00,9494.634
2018-02-22 12:00:00,5538.675
2018-02-22 15:00:00,2921.133
2018-02-22 18:00:00,5874.9473
2018-02-22 21:00:00,12522.842
2018-02-23 00:00:00,9371.162
2018-02-23 03:00:00,9248.924
2018-02-23 06:00:00,10574.936
2018-02-23 09:00:00,7404.815
2018-02-23 12:00:00,5078.294
2018-02-23 15:00:00,3032.4363
2018-02-23 18:00:00,7125.06
2018-02-23 21:00:00,10704.624
2018-02-24 00:00:00,11969.742
2018-02-24 03:00:00,11878.33
2018-02-24 06:00:00,12040.187
2018-02-24 09:00:00,9995.575
2018-02-24 12:00:00,6677.5825
2018-02-24 15:00:00,2065.3042
2018-02-24 18:00:00,8015.929
2018-02-24 21:00:00,11553.435
2018-02-25 00:00:00,11978.989
2018-02-25 03:00:00,12042.54
2018-02-25 06:00:00,12921.87
2018-02-25 09:00:00,11197.019
2018-02-25 12:00:00,6323.5728
2018-02-25 15:00:00,3335.3538
2018-02-25 18:00:00,6871.609
2018-02-25 21:00:00,11703.991
2018-02-26 00:00:00,10808.985
2018-02-26 03:00:00,9759.05
2018-02-26 06:00:00,11154.103
2018-02-26 09:00:00,8608.893
2018-02-26 12:00:00,5178.949
2018-02-26 15:00:00,4012.0217
2018-02-26 18:00:00,7205.4463
2018-02-26 21:00:00,9709.821
2018-02-27 00:00:00,9796.887
2018-02-27 03:00:00,8446.619
2018-02-27 06:00:00,11160.008
2018-02-27 09:00:00,10236.708
2018-02-27 12:00:00,5577.2456
2018-02-27 15:00:00,3753.3342
2018-02-27 18:00:00,8884.355
2018-02-27 21:00:00,12524.428
2018-02-28 00:00:00,12357.292
2018-02-28 03:00:00,11205.317
2018-02-28 06:00:00,11821.535
2018-02-28 09:00:00,10209.173
2018-02-28 12:00:00,5165.2866
2018-02-28 15:00:00,3180.1555
2018-02-28 18:00:00,5306.3906
2018-02-28 21:00:00,7859.7656
2018-03-01 00:00:00,8029.5034
2018-03-01 03:00:00,7765.367
2018-03-01 06:00:00,9766.44
2018-03-01 09:00:00,9784.175
2018-03-01 12:00:00,4336.6133
2018-03-01 15:00:00,3520.9905
2018-03-01 18:00:00,5637.395
2018-03-01 21:00:00,6481.158
2018-03-02 00:00:00,6634.7637
2018-03-02 03:00:00,6465.053
2018-03-02 06:00:00,9536.21
2018-03-02 09:00:00,8546.903
2018-03-02 12:00:00,5277.5483
2018-03-02 15:00:00,3755.7698
2018-03-02 18:00:00,6355.818
2018-03-02 21:00:00,7565.728
2018-03-03 00:00:00,7286.4844
2018-03-03 03:00:00,6400.9834
2018-03-03 06:00:00,6710.5854
2018-03-03 09:00:00,6481.075
2018-03-03 12:00:00,1877.2117
2018-03-03 15:00:00,1522.0785
2018-03-03 18:00:00,5615.247
2018-03-03 21:00:00,7134.4336
2018-03-04 00:00:00,7003.011
2018-03-04 03:00:00,6508.7817
2018-03-04 06:00:00,6744.3457
2018-03-04 09:00:00,6846.9897
2018-03-04 12:00:00,4307.083
2018-03-04 15:00:00,3499.849
2018-03-04 18:00:00,5038.754
2018-03-04 21:00:00,5887.2773
2018-03-05 00:00:00,7198.2256
2018-03-05 03:00:00,6299.783
2018-03-05 06:00:00,7355.1064
2018-03-05 09:00:00,11930.18
2018-03-05 12:00:00,7932.5635
2018-03-05 15:00:00,7014.3076
2018-03-05 18:00:00,8194.101
2018-03-05 21:00:00,9153.905
2018-03-06 00:00:00,9487.962
2018-03-06 03:00:00,8413.134
2018-03-06 06:00:00,10591.549
2018-03-06 09:00:00,10449.797
2018-03-06 12:00:00,7646.742
2018-03-06 15:00:00,7595.1304
2018-03-06 18:00:00,8806.745
2018-03-06 21:00:00,11313.398
2018-03-07 00:00:00,9988.214
2018-03-07 03:00:00,10468.626
2018-03-07 06:00:00,10871.263
2018-03-07 09:00:00,10682.499
2018-03-07 12:00:00,9253.657
2018-03-07 15:00:00,10193.999
2018-03-07 18:00:00,11850.793
2018-03-07 21:00:00,13770.286
2018-03-08 00:00:00,13484.989
2018-03-08 03:00:00,13457.407
2018-03-08 06:00:00,14582.681
2018-03-08 09:00:00,13863.118
2018-03-08 12:00:00,9278.486
2018-03-08 15:00:00,9062.455
2018-03-08 18:00:00,11575.219
2018-03-08 21:00:00,14465.961
2018-03-09 00:00:00,13357.478
2018-03-09 03:00:00,13981.325
2018-03-09 06:00:00,13728.05
2018-03-09 09:00:00,13269.736
2018-03-09 12:00:00,8987.253
2018-03-09 15:00:00,9285.804
2018-03-09 18:00:00,11384.8125
2018-03-09 21:00:00,12539.7705
2018-03-10 00:00:00,12509.294
2018-03-10 03:00:00,12322.773
2018-03-10 06:00:00,12383.199
2018-03-10 09:00:00,12919.122
2018-03-10 12:00:00,9073.817
2018-03-10 15:00:00,8921.072
2018-03-10 18:00:00,11738.539
2018-03-10 21:00:00,12439.785
2018-03-11 00:00:00,11050.937
2018-03-11 03:00:00,9810.297
2018-03-11 06:00:00,10766.83
2018-03-11 09:00:00,10976.875
2018-03-11 12:00:00,8121.1313
2018-03-11 15:00:00,8070.7417
2018-03-11 18:00:00,8740.907
2018-03-11 21:00:00,12153.38
2018-03-12 00:00:00,13607.643
2018-03-12 03:00:00,13159.262
2018-03-12 06:00:00,14877.482
2018-03-12 09:00:00,7791.519
2018-03-12 12:00:00,2357.786
2018-03-12 15:00:00,1504.4594
2018-03-12 18:00:00,4581.7393
2018-03-12 21:00:00,7701.5522
2018-03-13 00:00:00,10085.528
2018-03-13 03:00:00,11338.637
2018-03-13 06:00:00,11438.122
2018-03-13 09:00:00,10199.893
2018-03-13 12:00:00,4486.7593
2018-03-13 15:00:00,3352.7969
2018-03-13 18:00:00,6853.97
2018-03-13 21:00:00,10455.396
2018-03-14 00:00:00,12820.958
2018-03-14 03:00:00,11929.483
2018-03-14 06:00:00,12734.68
2018-03-14 09:00:00,10210.992
2018-03-14 12:00:00,3416.539
2018-03-14 15:00:00,1408.3267
2018-03-14 18:00:00,4914.52
2018-03-14 21:00:00,8752.419
2018-03-15 00:00:00,6063.1753
2018-03-15 03:00:00,3928.617
2018-03-15 06:00:00,4696.944
2018-03-15 09:00:00,6003.4146
2018-03-15 12:00:00,-466.74976
2018-03-15 15:00:00,-1683.1342
2018-03-15 18:00:00,810.9833
2018-03-15 21:00:00,5616.2817
2018-03-16 00:00:00,8672.458
2018-03-16 03:00:00,8845.828
2018-03-16 06:00:00,10038.659
2018-03-16 09:00:00,6387.9956
2018-03-16 12:00:00,2034.4517
2018-03-16 15:00:00,-2955.7366
2018-03-16 18:00:00,1090.9293
2018-03-16 21:00:00,5443.4204
2018-03-17 00:00:00,7326.1094
2018-03-17 03:00:00,5888.04
2018-03-17 06:00:00,6165.544
2018-03-17 09:00:00,6978.5913
2018-03-17 12:00:00,1223.3154
2018-03-17 15:00:00,-2091.6855
2018-03-17 18:00:00,2115.3203
2018-03-17 21:00:00,6845.0537
2018-03-18 00:00:00,7325.1387
2018-03-18 03:00:00,4473.6704
2018-03-18 06:00:00,7407.7407
2018-03-18 09:00:00,5902.3594
2018-03-18 12:00:00,550.3799
2018-03-18 15:00:00,-2029.4169
2018-03-18 18:00:00,619.13855
2018-03-18 21:00:00,6312.476
2018-03-19 00:00:00,7551.3623
2018-03-19 03:00:00,6963.7812
2018-03-19 06:00:00,11302.0205
2018-03-19 09:00:00,7567.6875
2018-03-19 12:00:00,1655.5948
2018-03-19 15:00:00,-1352.1248
2018-03-19 18:00:00,2650.9485
2018-03-19 21:00:00,5476.936
2018-03-20 00:00:00,3068.1946
2018-03-20 03:00:00,7437.1177
2018-03-20 06:00:00,4433.957
2018-03-20 09:00:00,5878.4995
2018-03-20 12:00:00,3004.6975
2018-03-20 15:00:00,-208.99388
2018-03-20 18:00:00,3984.2302
2018-03-20 21:00:00,6459.932
2018-03-21 00:00:00,6797.4556
2018-03-21 03:00:00,7719.025
2018-03-21 06:00:00,8980.675
2018-03-21 09:00:00,6670.06
2018-03-21 12:00:00,3075.2622
2018-03-21 15:00:00,1048.5645
2018-03-21 18:00:00,4826.482
2018-03-21 21:00:00,5498.6177
2018-03-22 00:00:00,6611.4805
2018-03-22 03:00:00,5676.2734
2018-03-22 06:00:00,9947.419
2018-03-22 09:00:00,7500.927
2018-03-22 12:00:00,4526.2227
2018-03-22 15:00:00,2310.9238
2018-03-22 18:00:00,5573.1724
2018-03-22 21:00:00,10072.671
2018-03-23 00:00:00,10356.148
2018-03-23 03:00:00,9567.342
2018-03-23 06:00:00,11773.306
2018-03-23 09:00:00,6419.443
2018-03-23 12:00:00,2661.2166
2018-03-23 15:00:00,1461.7621
2018-03-23 18:00:00,3626.9648
2018-03-23 21:00:00,6111.3706
2018-03-24 00:00:00,4636.7197
2018-03-24 03:00:00,2989.5125
2018-03-24 06:00:00,3746.7441
2018-03-24 09:00:00,2541.32
2018-03-24 12:00:00,-910.7843
2018-03-24 15:00:00,-3408.3672
2018-03-24 18:00:00,323.6737
2018-03-24 21:00:00,2600.5923
2018-03-25 00:00:00,2597.1575
2018-03-25 03:00:00,4314.273
2018-03-25 06:00:00,7057.4106
2018-03-25 09:00:00,5147.543
2018-03-25 12:00:00,2393.518
2018-03-25 15:00:00,1879.1202
2018-03-25 18:00:00,5185.9062
2018-03-25 21:00:00,8009.3833
2018-03-26 00:00:00,10775.303
2018-03-26 03:00:00,10990.058
2018-03-26 06:00:00,12782.492
2018-03-26 09:00:00,8851.808
2018-03-26 12:00:00,2759.0842
2018-03-26 15:00:00,1730.8092
2018-03-26 18:00:00,4713.506
2018-03-26 21:00:00,8004.341
2018-03-27 00:00:00,7500.5747
2018-03-27 03:00:00,8718.562
2018-03-27 06:00:00,8905.132
2018-03-27 09:00:00,6273.0005
2018-03-27 12:00:00,4067.058
2018-03-27 15:00:00,3893.1704
2018-03-27 18:00:00,5457.6255
2018-03-27 21:00:00,8714.246
2018-03-28 00:00:00,8990.064
2018-03-28 03:00:00,9475.771
2018-03-28 06:00:00,10577.924
2018-03-28 09:00:00,9284.022
2018-03-28 12:00:00,5648.3965
2018-03-28 15:00:00,2994.16
2018-03-28 18:00:00,4704.152
2018-03-28 21:00:00,4816.4023
2018-03-29 00:00:00,6175.8755
2018-03-29 03:00:00,6464.3696
2018-03-29 06:00:00,6934.2266
2018-03-29 09:00:00,7151.958
2018-03-29 12:00:00,3290.4148
2018-03-29 15:00:00,2892.9893
2018-03-29 18:00:00,3283.3376
2018-03-29 21:00:00,7220.1274
2018-03-30 00:00:00,5414.3403
2018-03-30 03:00:00,4269.246
2018-03-30 06:00:00,5482.3716
2018-03-30 09:00:00,5462.196
2018-03-30 12:00:00,1025.9608
2018-03-30 15:00:00,-2619.998
2018-03-30 18:00:00,39.245693
2018-03-30 21:00:00,2741.2656
2018-03-31 00:00:00,2896.6719
2018-03-31 03:00:00,2987.6042
2018-03-31 06:00:00,6908.738
2018-03-31 09:00:00,8994.244
2018-03-31 12:00:00,4846.134
2018-03-31 15:00:00,5117.032
2018-03-31 18:00:00,7119.7095
2018-03-31 21:00:00,8423.918
2018-04-01 00:00:00,10710.408
2018-04-01 03:00:00,10963.411
2018-04-01 06:00:00,12569.063
2018-04-01 09:00:00,10284.925
2018-04-01 12:00:00,7377.4204
2018-04-01 15:00:00,5520.1353
2018-04-01 18:00:00,8064.992
2018-04-01 21:00:00,9650.389
2018-04-02 00:00:00,9183.678
2018-04-02 03:00:00,7888.7695
2018-04-02 06:00:00,10385.921
2018-04-02 09:00:00,7503.7153
2018-04-02 12:00:00,4464.693
2018-04-02 15:00:00,2996.036
2018-04-02 18:00:00,5813.2983
2018-04-02 21:00:00,7728.0635
2018-04-03 00:00:00,7468.918
2018-04-03 03:00:00,7676.8184
2018-04-03 06:00:00,8093.6616
2018-04-03 09:00:00,6754.481
2018-04-03 12:00:00,2642.669
2018-04-03 15:00:00,1019.76636
2018-04-03 18:00:00,3171.1372
2018-04-03 21:00:00,5396.6816
2018-04-04 00:00:00,4155.5234
2018-04-04 03:00:00,3605.0796
2018-04-04 06:00:00,5700.3823
2018-04-04 09:00:00,7376.3086
2018-04-04 12:00:00,4063.3977
2018-04-04 15:00:00,4677.881
2018-04-04 18:00:00,6957.976
2018-04-04 21:00:00,8492.867
2018-04-05 00:00:00,8642.309
2018-04-05 03:00:00,8307.8
2018-04-05 06:00:00,9114.843
2018-04-05 09:00:00,12185.6
2018-04-05 12:00:00,10177.33
2018-04-05 15:00:00,10129.634
2018-04-05 18:00:00,11817.474
2018-04-05 21:00:00,13062.854
2018-04-06 00:00:00,12983.284
2018-04-06 03:00:00,12142.914
2018-04-06 06:00:00,12830.12
2018-04-06 09:00:00,13368.223
2018-04-06 12:00:00,10769.124
2018-04-06 15:00:00,9440.182
2018-04-06 18:00:00,12023.948
2018-04-06 21:00:00,13810.922
2018-04-07 00:00:00,13207.167
2018-04-07 03:00:00,13711.254
2018-04-07 06:00:00,14094.265
2018-04-07 09:00:00,14578.658
2018-04-07 12:00:00,10379.402
2018-04-07 15:00:00,8603.082
2018-04-07 18:00:00,12001.038
2018-04-07 21:00:00,13779.949
2018-04-08 00:00:00,14321.094
2018-04-08 03:00:00,13579.362
2018-04-08 06:00:00,13799.083
2018-04-08 09:00:00,13024.907
2018-04-08 12:00:00,9527.081
2018-04-08 15:00:00,8354.433
2018-04-08 18:00:00,9465.356
2018-04-08 21:00:00,12957.978
2018-04-09 00:00:00,12950.691
2018-04-09 03:00:00,12477.889
2018-04-09 06:00:00,12418.36
2018-04-09 09:00:00,11366.661
2018-04-09 12:00:00,8495.278
2018-04-09 15:00:00,8452.929
2018-04-09 18:00:00,10366.215
2018-04-09 21:00:00,12530.357
2018-04-10 00:00:00,12692.478
2018-04-10 03:00:00,12249.23
2018-04-10 06:00:00,12942.995
2018-04-10 09:00:00,13289.642
2018-04-10 12:00:00,8065.215
2018-04-10 15:00:00,7093.753
2018-04-10 18:00:00,10413.448
2018-04-10 21:00:00,13837.874
2018-04-11 00:00:00,12460.834
2018-04-11 03:00:00,10782.623
2018-04-11 06:00:00,10096.125
2018-04-11 09:00:00,10781.571
2018-04-11 12:00:00,8192.172
2018-04-11 15:00:00,7635.114
2018-04-11 18:00:00,9591.891
2018-04-11 21:00:00,11068.817
2018-04-12 00:00:00,10553.169
2018-04-12 03:00:00,10155.947
2018-04-12 06:00:00,12093.522
2018-04-12 09:00:00,6794.6646
2018-04-12 12:00:00,1725.099
2018-04-12 15:00:00,122.19093
2018-04-12 18:00:00,4843.361
2018-04-12 21:00:00,8507.064
2018-04-13 00:00:00,10689.627
2018-04-13 03:00:00,9862.056
2018-04-13 06:00:00,10586.355
2018-04-13 09:00:00,8450.259
2018-04-13 12:00:00,2601.7576
2018-04-13 15:00:00,1456.9258
2018-04-13 18:00:00,6657.469
2018-04-13 21:00:00,8514.905
2018-04-14 00:00:00,12377.827
2018-04-14 03:00:00,11615.141
2018-04-14 06:00:00,12462.308
2018-04-14 09:00:00,11197.979
2018-04-14 12:00:00,7099.6064
2018-04-14 15:00:00,5144.03
2018-04-14 18:00:00,7392.34
2018-04-14 21:00:00,9950.382
2018-04-15 00:00:00,11476.074
2018-04-15 03:00:00,12723.658
2018-04-15 06:00:00,13441.726
2018-04-15 09:00:00,9209.9375
2018-04-15 12:00:00,3593.9456
2018-04-15 15:00:00,3164.8809
2018-04-15 18:00:00,4684.939
2018-04-15 21:00:00,8438.424
2018-04-16 00:00:00,7541.5933
2018-04-16 03:00:00,8531.322
2018-04-16 06:00:00,9419.321
2018-04-16 09:00:00,7880.748
2018-04-16 12:00:00,4260.1084
2018-04-16 15:00:00,3068.7803
2018-04-16 18:00:00,7867.7524
2018-04-16 21:00:00,8903.343
2018-04-17 00:00:00,10880.012
2018-04-17 03:00:00,12349.182
2018-04-17 06:00:00,12870.943
2018-04-17 09:00:00,10844.265
2018-04-17 12:00:00,8176.762
2018-04-17 15:00:00,6615.526
2018-04-17 18:00:00,9266.977
2018-04-17 21:00:00,10483.453
2018-04-18 00:00:00,10248.156
2018-04-18 03:00:00,11184.64
2018-04-18 06:00:00,11971.362
2018-04-18 09:00:00,10054.437
2018-04-18 12:00:00,8007.271
2018-04-18 15:00:00,6457.7876
2018-04-18 18:00:00,8346.024
2018-04-18 21:00:00,10434.759
2018-04-19 00:00:00,10731.311
2018-04-19 03:00:00,10128.57
2018-04-19 06:00:00,11651.648
2018-04-19 09:00:00,10238.701
2018-04-19 12:00:00,6983.5244
2018-04-19 15:00:00,5254.9756
2018-04-19 18:00:00,7253.292
2018-04-19 21:00:00,10183.34
2018-04-20 00:00:00,10003.39
2018-04-20 03:00:00,10172.374
2018-04-20 06:00:00,10500.989
2018-04-20 09:00:00,10105.904
2018-04-20 12:00:00,6706.1333
2018-04-20 15:00:00,5221.875
2018-04-20 18:00:00,7672.6484
2018-04-20 21:00:00,9224.859
2018-04-21 00:00:00,11253.059
2018-04-21 03:00:00,10574.198
2018-04-21 06:00:00,11972.613
2018-04-21 09:00:00,10396.549
2018-04-21 12:00:00,5825.918
2018-04-21 15:00:00,4362.521
2018-04-21 18:00:00,8245.89
2018-04-21 21:00:00,10953.0625
2018-04-22 00:00:00,11093.8
2018-04-22 03:00:00,11335.802
2018-04-22 06:00:00,12123.477
2018-04-22 09:00:00,10082.961
2018-04-22 12:00:00,6696.3555
2018-04-22 15:00:00,6397.1167
2018-04-22 18:00:00,7422.2246
2018-04-22 21:00:00,9910.57
2018-04-23 00:00:00,9857.7295
2018-04-23 03:00:00,9606.932
2018-04-23 06:00:00,10647.346
2018-04-23 09:00:00,8215.255
2018-04-23 12:00:00,5231.776
2018-04-23 15:00:00,5344.34
2018-04-23 18:00:00,7134.678
2018-04-23 21:00:00,9167.451
2018-04-24 00:00:00,9868.454
2018-04-24 03:00:00,9796.183
2018-04-24 06:00:00,10465.548
2018-04-24 09:00:00,9230.696
2018-04-24 12:00:00,7834.2866
2018-04-24 15:00:00,5833.8076
2018-04-24 18:00:00,8075.872
2018-04-24 21:00:00,9570.208
2018-04-25 00:00:00,10538.732
2018-04-25 03:00:00,9810.776
2018-04-25 06:00:00,9491.83
2018-04-25 09:00:00,8813.805
2018-04-25 12:00:00,5478.522
2018-04-25 15:00:00,5438.388
2018-04-25 18:00:00,6854.0156
2018-04-25 21:00:00,8664.006
2018-04-26 00:00:00,7944.214
2018-04-26 03:00:00,8827.516
2018-04-26 06:00:00,10123.577
2018-04-26 09:00:00,8399.604
2018-04-26 12:00:00,7579.7524
2018-04-26 15:00:00,4902.223
2018-04-26 18:00:00,6909.489
2018-04-26 21:00:00,9460.869
2018-04-27 00:00:00,10069.26
2018-04-27 03:00:00,10872.008
2018-04-27 06:00:00,10438.655
2018-04-27 09:00:00,9401.928
2018-04-27 12:00:00,5074.8184
2018-04-27 15:00:00,4012.298
2018-04-27 18:00:00,5903.8823
2018-04-27 21:00:00,8649.058
2018-04-28 00:00:00,8258.947
2018-04-28 03:00:00,7881.5566
2018-04-28 06:00:00,9477.698
2018-04-28 09:00:00,9242.698
2018-04-28 12:00:00,4785.0044
2018-04-28 15:00:00,2915.149
2018-04-28 18:00:00,5861.618
2018-04-28 21:00:00,7940.8457
2018-04-29 00:00:00,9143.572
2018-04-29 03:00:00,7765.2935
2018-04-29 06:00:00,6957.324
2018-04-29 09:00:00,7551.4424
2018-04-29 12:00:00,1607.2753
2018-04-29 15:00:00,-743.2731
2018-04-29 18:00:00,3456.5837
2018-04-29 21:00:00,5887.858
2018-04-30 00:00:00,8007.7085
2018-04-30 03:00:00,8243.502
2018-04-30 06:00:00,9621.063
2018-04-30 09:00:00,10161.73
2018-04-30 12:00:00,6058.0557
2018-04-30 15:00:00,5111.972
2018-04-30 18:00:00,7243.231
2018-04-30 21:00:00,10342.449
2018-05-01 00:00:00,10770.07
2018-05-01 03:00:00,10649.016
2018-05-01 06:00:00,12800.031
2018-05-01 09:00:00,9112.165
2018-05-01 12:00:00,5142.8164
2018-05-01 15:00:00,4442.393
2018-05-01 18:00:00,7355.272
2018-05-01 21:00:00,10846.272
2018-05-02 00:00:00,11183.156
2018-05-02 03:00:00,11088.102
2018-05-02 06:00:00,12048.02
2018-05-02 09:00:00,8021.047
2018-05-02 12:00:00,2706.702
2018-05-02 15:00:00,3418.7434
2018-05-02 18:00:00,5650.2837
2018-05-02 21:00:00,5497.103
2018-05-03 00:00:00,5537.015
2018-05-03 03:00:00,6762.56
2018-05-03 06:00:00,7468.6216
2018-05-03 09:00:00,4384.1064
2018-05-03 12:00:00,2433.0999
2018-05-03 15:00:00,1784.073
2018-05-03 18:00:00,4708.248
2018-05-03 21:00:00,7107.0376
2018-05-04 00:00:00,6110.035
2018-05-04 03:00:00,5658.933
2018-05-04 06:00:00,6980.7197
2018-05-04 09:00:00,5952.6367
2018-05-04 12:00:00,4503.058
2018-05-04 15:00:00,4601.875
2018-05-04 18:00:00,6495.592
2018-05-04 21:00:00,8726.236
2018-05-05 00:00:00,8858.425
2018-05-05 03:00:00,8325.5205
2018-05-05 06:00:00,9064.208
2018-05-05 09:00:00,11303.258
2018-05-05 12:00:00,9736.557
2018-05-05 15:00:00,10448.934
2018-05-05 18:00:00,11671.417
2018-05-05 21:00:00,12888.393
2018-05-06 00:00:00,13268.429
2018-05-06 03:00:00,12742.734
2018-05-06 06:00:00,13316.296
2018-05-06 09:00:00,12810.774
2018-05-06 12:00:00,11738.28
2018-05-06 15:00:00,11282.133
2018-05-06 18:00:00,12406.035
2018-05-06 21:00:00,13352.419
2018-05-07 00:00:00,13735.726
2018-05-07 03:00:00,12958.19
2018-05-07 06:00:00,13572.499
2018-05-07 09:00:00,13584.405
2018-05-07 12:00:00,11376.1
2018-05-07 15:00:00,10319.179
2018-05-07 18:00:00,12056.726
2018-05-07 21:00:00,13524.348
2018-05-08 00:00:00,13242.292
2018-05-08 03:00:00,13084.646
2018-05-08 06:00:00,13518.669
2018-05-08 09:00:00,13420.214
2018-05-08 12:00:00,11248.92
2018-05-08 15:00:00,10069.933
2018-05-08 18:00:00,12279.746
2018-05-08 21:00:00,13100.948
2018-05-09 00:00:00,13442.062
2018-05-09 03:00:00,12814.615
2018-05-09 06:00:00,12991.088
2018-05-09 09:00:00,13276.474
2018-05-09 12:00:00,11041.819
2018-05-09 15:00:00,10229.896
2018-05-09 18:00:00,12140.4
2018-05-09 21:00:00,13166.425
2018-05-10 00:00:00,13128.251
2018-05-10 03:00:00,12125.9375
2018-05-10 06:00:00,13403.472
2018-05-10 09:00:00,13416.749
2018-05-10 12:00:00,10183.718
2018-05-10 15:00:00,10358.973
2018-05-10 18:00:00,11856.655
2018-05-10 21:00:00,13501.03
2018-05-11 00:00:00,13725.899
2018-05-11 03:00:00,13533.865
2018-05-11 06:00:00,14786.165
2018-05-11 09:00:00,14551.959
2018-05-11 12:00:00,11298.925
2018-05-11 15:00:00,11197.198
2018-05-11 18:00:00,13418.741
2018-05-11 21:00:00,15243.611
2018-05-12 00:00:00,15174.259
2018-05-12 03:00:00,15473.608
2018-05-12 06:00:00,15576.069
2018-05-12 09:00:00,9213.258
2018-05-12 12:00:00,6781.98
2018-05-12 15:00:00,4636.3965
2018-05-12 18:00:00,6123.24
2018-05-12 21:00:00,6866.38
2018-05-13 00:00:00,9339.08
2018-05-13 03:00:00,8747.339
2018-05-13 06:00:00,9713.584
2018-05-13 09:00:00,6352.6875
2018-05-13 12:00:00,3935.5032
2018-05-13 15:00:00,3355.2239
2018-05-13 18:00:00,5759.031
2018-05-13 21:00:00,8555.757
2018-05-14 00:00:00,7759.2627
2018-05-14 03:00:00,8931.116
2018-05-14 06:00:00,9072.918
2018-05-14 09:00:00,6770.3057
2018-05-14 12:00:00,5703.1943
2018-05-14 15:00:00,3417.0874
2018-05-14 18:00:00,6201.401
2018-05-14 21:00:00,8369.856
2018-05-15 00:00:00,8765.357
2018-05-15 03:00:00,8372.228
2018-05-15 06:00:00,10330.305
2018-05-15 09:00:00,6643.64
2018-05-15 12:00:00,5086.5933
2018-05-15 15:00:00,4147.716
2018-05-15 18:00:00,7808.9453
2018-05-15 21:00:00,8233.372
2018-05-16 00:00:00,9030.49
2018-05-16 03:00:00,9341.243
2018-05-16 06:00:00,10787.193
2018-05-16 09:00:00,8525.106
2018-05-16 12:00:00,6435.224
2018-05-16 15:00:00,5479.067
2018-05-16 18:00:00,8165.809
2018-05-16 21:00:00,9918.652
2018-05-17 00:00:00,10097.263
2018-05-17 03:00:00,10254.652
2018-05-17 06:00:00,10508.441
2018-05-17 09:00:00,8282.1875
2018-05-17 12:00:00,7831.844
2018-05-17 15:00:00,5237.71
2018-05-17 18:00:00,8744.788
2018-05-17 21:00:00,9469.265
2018-05-18 00:00:00,10123.438
2018-05-18 03:00:00,11037.552
2018-05-18 06:00:00,11240.846
2018-05-18 09:00:00,9061.865
2018-05-18 12:00:00,6665.099
2018-05-18 15:00:00,4393.4487
2018-05-18 18:00:00,8332.004
2018-05-18 21:00:00,9943.76
2018-05-19 00:00:00,10376.84
2018-05-19 03:00:00,11476.26
2018-05-19 06:00:00,11555.567
2018-05-19 09:00:00,9480.133
2018-05-19 12:00:00,7799.9307
2018-05-19 15:00:00,6638.1704
2018-05-19 18:00:00,8007.529
2018-05-19 21:00:00,10236.541
2018-05-20 00:00:00,10014.272
2018-05-20 03:00:00,10143.321
2018-05-20 06:00:00,12299.627
2018-05-20 09:00:00,9694.838
2018-05-20 12:00:00,8326.094
2018-05-20 15:00:00,5851.4985
2018-05-20 18:00:00,8977.459
2018-05-20 21:00:00,9404.812
2018-05-21 00:00:00,11189.788
2018-05-21 03:00:00,10977.933
2018-05-21 06:00:00,11693.535
2018-05-21 09:00:00,10570.9
2018-05-21 12:00:00,7276.9077
2018-05-21 15:00:00,3911.023
2018-05-21 18:00:00,6921.2944
2018-05-21 21:00:00,8908.462
2018-05-22 00:00:00,10955.523
2018-05-22 03:00:00,10230.99
2018-05-22 06:00:00,11010.995
2018-05-22 09:00:00,9641.728
2018-05-22 12:00:00,8090.4214
2018-05-22 15:00:00,6417.8564
2018-05-22 18:00:00,9636.841
2018-05-22 21:00:00,10798.298
2018-05-23 00:00:00,11033.879
2018-05-23 03:00:00,10340.127
2018-05-23 06:00:00,10929.261
2018-05-23 09:00:00,11077.236
2018-05-23 12:00:00,9184.811
2018-05-23 15:00:00,7115.438
2018-05-23 18:00:00,7747.862
2018-05-23 21:00:00,10109.784
2018-05-24 00:00:00,9961.345
2018-05-24 03:00:00,10240.608
2018-05-24 06:00:00,10374.914
2018-05-24 09:00:00,10387.421
2018-05-24 12:00:00,6888.4873
2018-05-24 15:00:00,6839.018
2018-05-24 18:00:00,7621.759
2018-05-24 21:00:00,7445.7334
2018-05-25 00:00:00,7901.7363
2018-05-25 03:00:00,9715.658
2018-05-25 06:00:00,9653.282
2018-05-25 09:00:00,10540.35
2018-05-25 12:00:00,8501.543
2018-05-25 15:00:00,6267.8335
2018-05-25 18:00:00,7314.653
2018-05-25 21:00:00,9896.984
2018-05-26 00:00:00,10439.353
2018-05-26 03:00:00,10653.229
2018-05-26 06:00:00,10361.138
2018-05-26 09:00:00,10702.613
2018-05-26 12:00:00,7657.8413
2018-05-26 15:00:00,5023.986
2018-05-26 18:00:00,9123.278
2018-05-26 21:00:00,10803.421
2018-05-27 00:00:00,11123.209
2018-05-27 03:00:00,11018.097
2018-05-27 06:00:00,10885.612
2018-05-27 09:00:00,10098.3545
2018-05-27 12:00:00,7677.6807
2018-05-27 15:00:00,4937.1313
2018-05-27 18:00:00,5691.2285
2018-05-27 21:00:00,8160.0605
2018-05-28 00:00:00,10399.644
2018-05-28 03:00:00,11209.547
2018-05-28 06:00:00,11609.949
2018-05-28 09:00:00,10754.284
2018-05-28 12:00:00,8548.781
2018-05-28 15:00:00,8019.534
2018-05-28 18:00:00,9169.681
2018-05-28 21:00:00,10355.278
2018-05-29 00:00:00,10891.546
2018-05-29 03:00:00,10661.73
2018-05-29 06:00:00,11400.749
2018-05-29 09:00:00,10428.114
2018-05-29 12:00:00,7137.8286
2018-05-29 15:00:00,4316.2505
2018-05-29 18:00:00,8832.648
2018-05-29 21:00:00,10426.327
2018-05-30 00:00:00,10732.551
2018-05-30 03:00:00,10786.66
2018-05-30 06:00:00,10768.569
2018-05-30 09:00:00,10890.23
2018-05-30 12:00:00,6955.029
2018-05-30 15:00:00,3074.2732
2018-05-30 18:00:00,6872.4404
2018-05-30 21:00:00,9519.232
2018-05-31 00:00:00,10901.237
2018-05-31 03:00:00,10110.64
2018-05-31 06:00:00,11631.414
2018-05-31 09:00:00,12244.212
2018-05-31 12:00:00,8578.968
2018-05-31 15:00:00,7914.114
2018-05-31 18:00:00,9994.172
2018-05-31 21:00:00,12231.568
2018-06-01 00:00:00,12071.05
2018-06-01 03:00:00,12214.403
2018-06-01 06:00:00,13821.716
2018-06-01 09:00:00,12446.44
2018-06-01 12:00:00,8264.471
2018-06-01 15:00:00,6426.2363
2018-06-01 18:00:00,9465.733
2018-06-01 21:00:00,11213.673
2018-06-02 00:00:00,11042.617
2018-06-02 03:00:00,11701.623
2018-06-02 06:00:00,12617.812
2018-06-02 09:00:00,10001.69
2018-06-02 12:00:00,5295.663
2018-06-02 15:00:00,4209.41
2018-06-02 18:00:00,6625.8276
2018-06-02 21:00:00,9049.08
2018-06-03 00:00:00,8625.535
2018-06-03 03:00:00,8303.399
2018-06-03 06:00:00,9209.864
2018-06-03 09:00:00,9409.439
2018-06-03 12:00:00,5014.374
2018-06-03 15:00:00,3568.1145
2018-06-03 18:00:00,5888.113
2018-06-03 21:00:00,7615.682
2018-06-04 00:00:00,7222.466
2018-06-04 03:00:00,7939.2593
2018-06-04 06:00:00,8629.075
2018-06-04 09:00:00,9256.948
2018-06-04 12:00:00,6310.6357
2018-06-04 15:00:00,5534.0776
2018-06-04 18:00:00,7781.0757
2018-06-04 21:00:00,9397.156
2018-06-05 00:00:00,8907.765
2018-06-05 03:00:00,7897.4277
2018-06-05 06:00:00,8606.329
2018-06-05 09:00:00,11502.047
2018-06-05 12:00:00,9985.128
2018-06-05 15:00:00,9645.186
2018-06-05 18:00:00,10802.229
2018-06-05 21:00:00,12706.636
2018-06-06 00:00:00,12569.71
2018-06-06 03:00:00,12133.697
2018-06-06 06:00:00,12789.415
2018-06-06 09:00:00,12692.018
2018-06-06 12:00:00,10538.243
2018-06-06 15:00:00,9259.161
2018-06-06 18:00:00,11188.881
2018-06-06 21:00:00,13306.336
2018-06-07 00:00:00,13014.407
2018-06-07 03:00:00,12693.441
2018-06-07 06:00:00,13790.926
2018-06-07 09:00:00,13977.182
2018-06-07 12:00:00,11121.004
2018-06-07 15:00:00,10271.151
2018-06-07 18:00:00,11790.031
2018-06-07 21:00:00,12858.045
2018-06-08 00:00:00,12900.423
2018-06-08 03:00:00,12681.417
2018-06-08 06:00:00,13597.925
2018-06-08 09:00:00,13584.376
2018-06-08 12:00:00,11235.275
2018-06-08 15:00:00,8907.999
2018-06-08 18:00:00,11578.924
2018-06-08 21:00:00,12840.474
2018-06-09 00:00:00,13286.729
2018-06-09 03:00:00,13056.012
2018-06-09 06:00:00,13814.256
2018-06-09 09:00:00,14672.118
2018-06-09 12:00:00,11075.057
2018-06-09 15:00:00,9449.452
2018-06-09 18:00:00,12111.509
2018-06-09 21:00:00,12847.259
2018-06-10 00:00:00,13240.045
2018-06-10 03:00:00,12804.365
2018-06-10 06:00:00,14098.89
2018-06-10 09:00:00,13953.388
2018-06-10 12:00:00,10963.236
2018-06-10 15:00:00,9230.056
2018-06-10 18:00:00,11283.421
2018-06-10 21:00:00,14049.091
2018-06-11 00:00:00,13788.913
2018-06-11 03:00:00,12959.549
2018-06-11 06:00:00,12770.104
2018-06-11 09:00:00,12454.578
2018-06-11 12:00:00,11076.719
2018-06-11 15:00:00,9619.105
2018-06-11 18:00:00,12148.701
2018-06-11 21:00:00,13365.611
2018-06-12 00:00:00,12865.375
2018-06-12 03:00:00,12103.703
2018-06-12 06:00:00,12905.6455
2018-06-12 09:00:00,11390.074
2018-06-12 12:00:00,8484.334
2018-06-12 15:00:00,7993.0864
2018-06-12 18:00:00,9804.212
2018-06-12 21:00:00,12844.596
2018-06-13 00:00:00,11476.112
2018-06-13 03:00:00,11155.956
2018-06-13 06:00:00,12506.336
2018-06-13 09:00:00,9994.2705
2018-06-13 12:00:00,7503.8857
2018-06-13 15:00:00,7262.2256
2018-06-13 18:00:00,10768.821
2018-06-13 21:00:00,11516.466
2018-06-14 00:00:00,10572.851
2018-06-14 03:00:00,11137.124
2018-06-14 06:00:00,11848.4
2018-06-14 09:00:00,11702.148
2018-06-14 12:00:00,9297.766
2018-06-14 15:00:00,9120.96
2018-06-14 18:00:00,12361.987
2018-06-14 21:00:00,11997.262
2018-06-15 00:00:00,12752.14
2018-06-15 03:00:00,13107.346
2018-06-15 06:00:00,13188.324
2018-06-15 09:00:00,12414.486
2018-06-15 12:00:00,10672.892
2018-06-15 15:00:00,9627.988
2018-06-15 18:00:00,12065.019
2018-06-15 21:00:00,12758.517
2018-06-16 00:00:00,11477.475
2018-06-16 03:00:00,12591.637
2018-06-16 06:00:00,12878.359
2018-06-16 09:00:00,13982.669
2018-06-16 12:00:00,10493.498
2018-06-16 15:00:00,9510.669
2018-06-16 18:00:00,11425.407
2018-06-16 21:00:00,11833.519
2018-06-17 00:00:00,10687.1045
2018-06-17 03:00:00,11691.834
2018-06-17 06:00:00,11577.841
2018-06-17 09:00:00,12750.692
2018-06-17 12:00:00,8448.093
2018-06-17 15:00:00,7594.488
2018-06-17 18:00:00,10872.586
2018-06-17 21:00:00,11624.897
2018-06-18 00:00:00,10938.86
2018-06-18 03:00:00,9669.656
2018-06-18 06:00:00,12084.171
2018-06-18 09:00:00,11843.451
2018-06-18 12:00:00,8463.241
2018-06-18 15:00:00,7864.7354
2018-06-18 18:00:00,9491.803
2018-06-18 21:00:00,11511.408
2018-06-19 00:00:00,10866.971
2018-06-19 03:00:00,9589.13
2018-06-19 06:00:00,13400.6455
2018-06-19 09:00:00,13462.065
2018-06-19 12:00:00,9397.33
2018-06-19 15:00:00,8291.527
2018-06-19 18:00:00,12274.539
2018-06-19 21:00:00,12980.068
2018-06-20 00:00:00,12482.466
2018-06-20 03:00:00,13260.241
2018-06-20 06:00:00,14384.282
2018-06-20 09:00:00,14013.304
2018-06-20 12:00:00,10733.965
2018-06-20 15:00:00,9852.708
2018-06-20 18:00:00,12763.509
2018-06-20 21:00:00,13291.061
2018-06-21 00:00:00,12667.233
2018-06-21 03:00:00,13478.906
2018-06-21 06:00:00,14048.305
2018-06-21 09:00:00,12790.06
2018-06-21 12:00:00,9884.672
2018-06-21 15:00:00,9210.312
2018-06-21 18:00:00,11884.791
2018-06-21 21:00:00,12581.888
2018-06-22 00:00:00,12331.878
2018-06-22 03:00:00,13186.72
2018-06-22 06:00:00,12801.778
2018-06-22 09:00:00,11322.011
2018-06-22 12:00:00,9015.222
2018-06-22 15:00:00,9412.652
2018-06-22 18:00:00,11920.514
2018-06-22 21:00:00,12604.125
2018-06-23 00:00:00,11949.989
2018-06-23 03:00:00,12462.418
2018-06-23 06:00:00,12450.551
2018-06-23 09:00:00,13979.678
2018-06-23 12:00:00,10589.144
2018-06-23 15:00:00,10743.237
2018-06-23 18:00:00,13876.822
2018-06-23 21:00:00,13506.716
2018-06-24 00:00:00,13383.9
2018-06-24 03:00:00,13173.876
2018-06-24 06:00:00,13814.415
2018-06-24 09:00:00,13512.203
2018-06-24 12:00:00,11322.0
2018-06-24 15:00:00,10831.116
2018-06-24 18:00:00,13109.615
2018-06-24 21:00:00,13399.636
2018-06-25 00:00:00,13740.37
2018-06-25 03:00:00,12824.796
2018-06-25 06:00:00,13831.566
2018-06-25 09:00:00,14714.912
2018-06-25 12:00:00,11633.776
2018-06-25 15:00:00,10993.683
2018-06-25 18:00:00,13500.569
2018-06-25 21:00:00,13212.931
2018-06-26 00:00:00,13478.338
2018-06-26 03:00:00,13281.133
2018-06-26 06:00:00,13562.309
2018-06-26 09:00:00,14123.602
2018-06-26 12:00:00,10945.657
2018-06-26 15:00:00,9334.814
2018-06-26 18:00:00,12400.376
2018-06-26 21:00:00,13024.788
2018-06-27 00:00:00,12651.377
2018-06-27 03:00:00,12538.63
2018-06-27 06:00:00,14387.175
2018-06-27 09:00:00,13186.358
2018-06-27 12:00:00,9833.984
2018-06-27 15:00:00,9063.975
2018-06-27 18:00:00,11981.842
2018-06-27 21:00:00,12658.4795
2018-06-28 00:00:00,12806.263
2018-06-28 03:00:00,12520.111
2018-06-28 06:00:00,13068.747
2018-06-28 09:00:00,13636.898
2018-06-28 12:00:00,11271.616
2018-06-28 15:00:00,9447.145
2018-06-28 18:00:00,11163.365
2018-06-28 21:00:00,12978.636
2018-06-29 00:00:00,13270.937
2018-06-29 03:00:00,12519.51
2018-06-29 06:00:00,13806.044
2018-06-29 09:00:00,13661.672
2018-06-29 12:00:00,11282.243
2018-06-29 15:00:00,8922.065
2018-06-29 18:00:00,11261.969
2018-06-29 21:00:00,12678.229
2018-06-30 00:00:00,12914.727
2018-06-30 03:00:00,13015.656
2018-06-30 06:00:00,13439.559
2018-06-30 09:00:00,12399.396
2018-06-30 12:00:00,8789.752
2018-06-30 15:00:00,8032.416
2018-06-30 18:00:00,10917.593
2018-06-30 21:00:00,13182.297
2018-07-01 00:00:00,13365.605
2018-07-01 03:00:00,12730.532
2018-07-01 06:00:00,14470.06
2018-07-01 09:00:00,13814.544
2018-07-01 12:00:00,9232.58
2018-07-01 15:00:00,7755.444
2018-07-01 18:00:00,10336.422
2018-07-01 21:00:00,12593.423
2018-07-02 00:00:00,12297.647
2018-07-02 03:00:00,11681.085
2018-07-02 06:00:00,13577.503
2018-07-02 09:00:00,7956.9946
2018-07-02 12:00:00,6106.0234
2018-07-02 15:00:00,5131.9727
2018-07-02 18:00:00,7319.1167
2018-07-02 21:00:00,8368.309
2018-07-03 00:00:00,8299.051
2018-07-03 03:00:00,7621.1074
2018-07-03 06:00:00,8698.922
2018-07-03 09:00:00,8658.801
2018-07-03 12:00:00,5855.102
2018-07-03 15:00:00,5219.7666
2018-07-03 18:00:00,7461.925
2018-07-03 21:00:00,8300.125
2018-07-04 00:00:00,7940.0874
2018-07-04 03:00:00,8019.171
2018-07-04 06:00:00,8467.774
2018-07-04 09:00:00,9640.535
2018-07-04 12:00:00,7383.8765
2018-07-04 15:00:00,6491.9814
2018-07-04 18:00:00,7945.4463
2018-07-04 21:00:00,9261.38
2018-07-05 00:00:00,9565.12
2018-07-05 03:00:00,9236.822
2018-07-05 06:00:00,9618.01
2018-07-05 09:00:00,10602.816
2018-07-05 12:00:00,10183.718
2018-07-05 15:00:00,11097.619
2018-07-05 18:00:00,12286.121
2018-07-05 21:00:00,12862.463
2018-07-06 00:00:00,12785.071
2018-07-06 03:00:00,11923.017
2018-07-06 06:00:00,13369.217
2018-07-06 09:00:00,12883.524
2018-07-06 12:00:00,12088.409
2018-07-06 15:00:00,11406.9795
2018-07-06 18:00:00,13774.463
2018-07-06 21:00:00,13389.648
2018-07-07 00:00:00,13147.866
2018-07-07 03:00:00,13010.811
2018-07-07 06:00:00,14094.138
2018-07-07 09:00:00,14278.108
2018-07-07 12:00:00,11877.821
2018-07-07 15:00:00,11675.059
2018-07-07 18:00:00,14049.771
2018-07-07 21:00:00,14002.667
2018-07-08 00:00:00,13556.245
2018-07-08 03:00:00,12466.819
2018-07-08 06:00:00,14262.639
2018-07-08 09:00:00,13764.762
2018-07-08 12:00:00,11784.626
2018-07-08 15:00:00,10970.739
2018-07-08 18:00:00,13835.506
2018-07-08 21:00:00,13806.166
2018-07-09 00:00:00,13206.917
2018-07-09 03:00:00,12397.153
2018-07-09 06:00:00,13948.532
2018-07-09 09:00:00,12191.533
2018-07-09 12:00:00,10762.652
2018-07-09 15:00:00,10968.995
2018-07-09 18:00:00,14508.502
2018-07-09 21:00:00,13594.378
2018-07-10 00:00:00,12996.28
2018-07-10 03:00:00,12768.923
2018-07-10 06:00:00,14349.623
2018-07-10 09:00:00,13720.723
2018-07-10 12:00:00,11347.161
2018-07-10 15:00:00,11317.591
2018-07-10 18:00:00,13660.64
2018-07-10 21:00:00,13417.2
2018-07-11 00:00:00,13502.93
2018-07-11 03:00:00,13620.548
2018-07-11 06:00:00,14652.854
2018-07-11 09:00:00,14012.924
2018-07-11 12:00:00,12015.06
2018-07-11 15:00:00,11681.487
2018-07-11 18:00:00,13994.101
2018-07-11 21:00:00,14603.6455
2018-07-12 00:00:00,14612.153
2018-07-12 03:00:00,13422.768
2018-07-12 06:00:00,13736.298
2018-07-12 09:00:00,14408.322
2018-07-12 12:00:00,11526.359
2018-07-12 15:00:00,10527.351
2018-07-12 18:00:00,13485.548
2018-07-12 21:00:00,14467.3545
2018-07-13 00:00:00,13272.084
2018-07-13 03:00:00,13146.037
2018-07-13 06:00:00,13817.526
2018-07-13 09:00:00,13829.45
2018-07-13 12:00:00,11712.591
2018-07-13 15:00:00,9377.199
2018-07-13 18:00:00,12748.125
2018-07-13 21:00:00,13897.691
2018-07-14 00:00:00,12988.531
2018-07-14 03:00:00,12751.7295
2018-07-14 06:00:00,14998.845
2018-07-14 09:00:00,14533.3
2018-07-14 12:00:00,11800.305
2018-07-14 15:00:00,10171.299
2018-07-14 18:00:00,12548.971
2018-07-14 21:00:00,13798.3125
2018-07-15 00:00:00,12393.753
2018-07-15 03:00:00,14015.955
2018-07-15 06:00:00,13883.173
2018-07-15 09:00:00,13492.277
2018-07-15 12:00:00,9239.681
2018-07-15 15:00:00,9797.47
2018-07-15 18:00:00,12276.86
2018-07-15 21:00:00,12756.732
2018-07-16 00:00:00,12499.655
2018-07-16 03:00:00,11245.33
2018-07-16 06:00:00,11479.281
2018-07-16 09:00:00,9700.924
2018-07-16 12:00:00,7840.7197
2018-07-16 15:00:00,8948.432
2018-07-16 18:00:00,11986.595
2018-07-16 21:00:00,13433.107
2018-07-17 00:00:00,13511.024
2018-07-17 03:00:00,11379.123
2018-07-17 06:00:00,12906.527
2018-07-17 09:00:00,13547.905
2018-07-17 12:00:00,12148.854
2018-07-17 15:00:00,10992.734
2018-07-17 18:00:00,13811.955
2018-07-17 21:00:00,13849.162
2018-07-18 00:00:00,14039.272
2018-07-18 03:00:00,13679.19
2018-07-18 06:00:00,13829.13
2018-07-18 09:00:00,13187.845
2018-07-18 12:00:00,11459.9375
2018-07-18 15:00:00,10735.329
2018-07-18 18:00:00,13262.44
2018-07-18 21:00:00,14026.124
2018-07-19 00:00:00,13861.027
2018-07-19 03:00:00,13741.477
2018-07-19 06:00:00,13977.153
2018-07-19 09:00:00,13723.457
2018-07-19 12:00:00,10979.42
2018-07-19 15:00:00,10288.365
2018-07-19 18:00:00,13560.706
2018-07-19 21:00:00,13749.704
2018-07-20 00:00:00,12888.8125
2018-07-20 03:00:00,13713.998
2018-07-20 06:00:00,14238.728
2018-07-20 09:00:00,14902.348
2018-07-20 12:00:00,11578.554
2018-07-20 15:00:00,10280.9795
2018-07-20 18:00:00,12488.947
2018-07-20 21:00:00,13183.95
2018-07-21 00:00:00,13691.793
2018-07-21 03:00:00,14250.558
2018-07-21 06:00:00,14194.496
2018-07-21 09:00:00,13561.772
2018-07-21 12:00:00,10822.781
2018-07-21 15:00:00,10118.606
2018-07-21 18:00:00,12250.927
2018-07-21 21:00:00,13258.102
2018-07-22 00:00:00,12933.97
2018-07-22 03:00:00,13287.729
2018-07-22 06:00:00,13822.844
2018-07-22 09:00:00,14676.328
2018-07-22 12:00:00,11614.453
2018-07-22 15:00:00,10488.027
2018-07-22 18:00:00,12858.605
2018-07-22 21:00:00,13575.441
2018-07-23 00:00:00,13516.568
2018-07-23 03:00:00,12681.452
2018-07-23 06:00:00,13805.692
2018-07-23 09:00:00,13969.251
2018-07-23 12:00:00,11460.407
2018-07-23 15:00:00,11018.97
2018-07-23 18:00:00,13801.319
2018-07-23 21:00:00,14245.984
2018-07-24 00:00:00,13381.593
2018-07-24 03:00:00,13910.304
2018-07-24 06:00:00,14333.464
2018-07-24 09:00:00,14006.6045
2018-07-24 12:00:00,11170.431
2018-07-24 15:00:00,11376.831
2018-07-24 18:00:00,13884.191
2018-07-24 21:00:00,14055.496
2018-07-25 00:00:00,13361.533
2018-07-25 03:00:00,13318.85
2018-07-25 06:00:00,14995.849
2018-07-25 09:00:00,14547.809
2018-07-25 12:00:00,12710.633
2018-07-25 15:00:00,10726.909
2018-07-25 18:00:00,14205.36
2018-07-25 21:00:00,13834.071
2018-07-26 00:00:00,13945.94
2018-07-26 03:00:00,13665.493
2018-07-26 06:00:00,14995.054
2018-07-26 09:00:00,14887.824
2018-07-26 12:00:00,11651.05
2018-07-26 15:00:00,10964.428
2018-07-26 18:00:00,13412.555
2018-07-26 21:00:00,14021.344
2018-07-27 00:00:00,13073.166
2018-07-27 03:00:00,13488.904
2018-07-27 06:00:00,14347.724
2018-07-27 09:00:00,14743.808
2018-07-27 12:00:00,11562.531
2018-07-27 15:00:00,10396.817
2018-07-27 18:00:00,13036.5625
2018-07-27 21:00:00,13757.156
2018-07-28 00:00:00,11869.661
2018-07-28 03:00:00,13839.971
2018-07-28 06:00:00,14539.376
2018-07-28 09:00:00,14071.824
2018-07-28 12:00:00,11280.867
2018-07-28 15:00:00,10372.382
2018-07-28 18:00:00,13884.8545
2018-07-28 21:00:00,14593.968
2018-07-29 00:00:00,13797.931
2018-07-29 03:00:00,12747.121
2018-07-29 06:00:00,14562.512
2018-07-29 09:00:00,12878.393
2018-07-29 12:00:00,10329.279
2018-07-29 15:00:00,10248.331
2018-07-29 18:00:00,13426.35
2018-07-29 21:00:00,13459.185
2018-07-30 00:00:00,14048.818
2018-07-30 03:00:00,13549.531
2018-07-30 06:00:00,14155.781
2018-07-30 09:00:00,14903.079
2018-07-30 12:00:00,12672.942
2018-07-30 15:00:00,10547.718
2018-07-30 18:00:00,12858.032
2018-07-30 21:00:00,14528.69
2018-07-31 00:00:00,13392.343
2018-07-31 03:00:00,14060.47
2018-07-31 06:00:00,14775.678
2018-07-31 09:00:00,13453.876
2018-07-31 12:00:00,8854.357
2018-07-31 15:00:00,8304.882
2018-07-31 18:00:00,11069.444
2018-07-31 21:00:00,12906.567
2018-08-01 00:00:00,12207.0625
2018-08-01 03:00:00,11888.934
2018-08-01 06:00:00,13552.897
2018-08-01 09:00:00,13522.963
2018-08-01 12:00:00,9166.381
2018-08-01 15:00:00,9177.006
2018-08-01 18:00:00,11346.306
2018-08-01 21:00:00,12620.159
2018-08-02 00:00:00,11827.634
2018-08-02 03:00:00,12460.831
2018-08-02 06:00:00,14057.662
2018-08-02 09:00:00,8069.558
2018-08-02 12:00:00,5668.4717
2018-08-02 15:00:00,5487.934
2018-08-02 18:00:00,7090.9546
2018-08-02 21:00:00,9027.507
2018-08-03 00:00:00,8638.939
2018-08-03 03:00:00,7870.621
2018-08-03 06:00:00,8695.414
2018-08-03 09:00:00,7289.5493
2018-08-03 12:00:00,5654.133
2018-08-03 15:00:00,4815.2744
2018-08-03 18:00:00,7283.3735
2018-08-03 21:00:00,8569.325
2018-08-04 00:00:00,7704.0073
2018-08-04 03:00:00,7557.853
2018-08-04 06:00:00,8403.696
2018-08-04 09:00:00,8904.096
2018-08-04 12:00:00,6862.2324
2018-08-04 15:00:00,6429.35
2018-08-04 18:00:00,8133.2305
2018-08-04 21:00:00,10444.942
2018-08-05 00:00:00,9067.807
2018-08-05 03:00:00,8472.5205
2018-08-05 06:00:00,9354.216
2018-08-05 09:00:00,11118.774
2018-08-05 12:00:00,10689.386
2018-08-05 15:00:00,9813.151
2018-08-05 18:00:00,12538.31
2018-08-05 21:00:00,15097.912
2018-08-06 00:00:00,13480.257
2018-08-06 03:00:00,12713.225
2018-08-06 06:00:00,13768.504
2018-08-06 09:00:00,13604.02
2018-08-06 12:00:00,11524.158
2018-08-06 15:00:00,11125.138
2018-08-06 18:00:00,13472.99
2018-08-06 21:00:00,14571.323
2018-08-07 00:00:00,13514.768
2018-08-07 03:00:00,12122.968
2018-08-07 06:00:00,13224.812
2018-08-07 09:00:00,12738.281
2018-08-07 12:00:00,10915.277
2018-08-07 15:00:00,10932.464
2018-08-07 18:00:00,13425.815
2018-08-07 21:00:00,13369.609
2018-08-08 00:00:00,13133.091
2018-08-08 03:00:00,12830.021
2018-08-08 06:00:00,13909.408
2018-08-08 09:00:00,14153.288
2018-08-08 12:00:00,11654.222
2018-08-08 15:00:00,10273.442
2018-08-08 18:00:00,12679.942
2018-08-08 21:00:00,12854.856
2018-08-09 00:00:00,12886.905
2018-08-09 03:00:00,12323.494
2018-08-09 06:00:00,13615.269
2018-08-09 09:00:00,14241.491
2018-08-09 12:00:00,11222.109
2018-08-09 15:00:00,10655.374
2018-08-09 18:00:00,13163.476
2018-08-09 21:00:00,12934.409
2018-08-10 00:00:00,12862.988
2018-08-10 03:00:00,12374.148
2018-08-10 06:00:00,12839.206
2018-08-10 09:00:00,13414.139
2018-08-10 12:00:00,10865.417
2018-08-10 15:00:00,10880.905
2018-08-10 18:00:00,13229.608
2018-08-10 21:00:00,12729.804
2018-08-11 00:00:00,11986.101
2018-08-11 03:00:00,12431.571
2018-08-11 06:00:00,15076.349
2018-08-11 09:00:00,14883.71
2018-08-11 12:00:00,11975.976
2018-08-11 15:00:00,10787.57
2018-08-11 18:00:00,13185.391
2018-08-11 21:00:00,13300.623
2018-08-12 00:00:00,13324.8955
2018-08-12 03:00:00,13365.089
2018-08-12 06:00:00,14218.141
2018-08-12 09:00:00,14282.489
2018-08-12 12:00:00,10516.59
2018-08-12 15:00:00,9498.28
2018-08-12 18:00:00,12968.693
2018-08-12 21:00:00,12994.4795
2018-08-13 00:00:00,12572.111
2018-08-13 03:00:00,12832.278
2018-08-13 06:00:00,13826.171
2018-08-13 09:00:00,13729.735
2018-08-13 12:00:00,10033.871
2018-08-13 15:00:00,9690.599
2018-08-13 18:00:00,12039.599
2018-08-13 21:00:00,13193.082
2018-08-14 00:00:00,13802.301
2018-08-14 03:00:00,12979.193
2018-08-14 06:00:00,13519.452
2018-08-14 09:00:00,13464.809
2018-08-14 12:00:00,9393.07
2018-08-14 15:00:00,9394.578
2018-08-14 18:00:00,12754.1
2018-08-14 21:00:00,12831.312
2018-08-15 00:00:00,12685.261
2018-08-15 03:00:00,12936.651
2018-08-15 06:00:00,14430.73
2018-08-15 09:00:00,13592.039
2018-08-15 12:00:00,10999.024
2018-08-15 15:00:00,9247.899
2018-08-15 18:00:00,12554.713
2018-08-15 21:00:00,13238.838
2018-08-16 00:00:00,13540.165
2018-08-16 03:00:00,13441.123
2018-08-16 06:00:00,13784.951
2018-08-16 09:00:00,14155.4375
2018-08-16 12:00:00,10867.704
2018-08-16 15:00:00,9189.762
2018-08-16 18:00:00,12101.966
2018-08-16 21:00:00,12350.456
2018-08-17 00:00:00,13416.9
2018-08-17 03:00:00,12757.386
2018-08-17 06:00:00,13598.353
2018-08-17 09:00:00,12856.555
2018-08-17 12:00:00,10649.318
2018-08-17 15:00:00,9446.23
2018-08-17 18:00:00,11572.688
2018-08-17 21:00:00,12069.991
2018-08-18 00:00:00,11827.858
2018-08-18 03:00:00,11373.804
2018-08-18 06:00:00,13034.705
2018-08-18 09:00:00,12719.358
2018-08-18 12:00:00,10727.397
2018-08-18 15:00:00,9799.1045
2018-08-18 18:00:00,12399.937
2018-08-18 21:00:00,12753.775
2018-08-19 00:00:00,12260.879
2018-08-19 03:00:00,12455.834
2018-08-19 06:00:00,14429.128
2018-08-19 09:00:00,13467.9795
2018-08-19 12:00:00,9535.349
2018-08-19 15:00:00,9169.834
2018-08-19 18:00:00,11397.065
2018-08-19 21:00:00,13257.955
2018-08-20 00:00:00,12818.061
2018-08-20 03:00:00,12470.266
2018-08-20 06:00:00,13267.829
2018-08-20 09:00:00,13660.214
2018-08-20 12:00:00,10218.876
2018-08-20 15:00:00,9735.426
2018-08-20 18:00:00,11886.68
2018-08-20 21:00:00,13571.988
2018-08-21 00:00:00,12476.646
2018-08-21 03:00:00,12114.699
2018-08-21 06:00:00,12898.162
2018-08-21 09:00:00,13266.798
2018-08-21 12:00:00,12202.614
2018-08-21 15:00:00,10939.481
2018-08-21 18:00:00,13281.108
2018-08-21 21:00:00,13762.875
2018-08-22 00:00:00,13478.238
2018-08-22 03:00:00,13184.958
2018-08-22 06:00:00,13145.95
2018-08-22 09:00:00,13468.527
2018-08-22 12:00:00,10412.196
2018-08-22 15:00:00,10196.602
2018-08-22 18:00:00,12267.036
2018-08-22 21:00:00,13323.66
2018-08-23 00:00:00,13948.353
2018-08-23 03:00:00,12788.521
2018-08-23 06:00:00,14542.85
2018-08-23 09:00:00,14001.583
2018-08-23 12:00:00,10919.776
2018-08-23 15:00:00,10560.929
2018-08-23 18:00:00,12310.045
2018-08-23 21:00:00,11901.742
2018-08-24 00:00:00,11860.804
2018-08-24 03:00:00,12078.574
2018-08-24 06:00:00,13019.297
2018-08-24 09:00:00,12485.233
2018-08-24 12:00:00,10040.777
2018-08-24 15:00:00,9451.4
2018-08-24 18:00:00,12096.454
2018-08-24 21:00:00,12961.393
2018-08-25 00:00:00,13271.0625
2018-08-25 03:00:00,13416.664
2018-08-25 06:00:00,13703.274
2018-08-25 09:00:00,13473.325
2018-08-25 12:00:00,11518.629
2018-08-25 15:00:00,9971.17
2018-08-25 18:00:00,11260.032
2018-08-25 21:00:00,13155.485
2018-08-26 00:00:00,13403.566
2018-08-26 03:00:00,13296.797
2018-08-26 06:00:00,13532.216
2018-08-26 09:00:00,13937.56
2018-08-26 12:00:00,11830.752
2018-08-26 15:00:00,10824.943
2018-08-26 18:00:00,12797.666
2018-08-26 21:00:00,13258.79
2018-08-27 00:00:00,13586.146
2018-08-27 03:00:00,13603.386
2018-08-27 06:00:00,14668.556
2018-08-27 09:00:00,14884.416
2018-08-27 12:00:00,11870.438
2018-08-27 15:00:00,10314.303
2018-08-27 18:00:00,13889.432
2018-08-27 21:00:00,13848.81
2018-08-28 00:00:00,13589.898
2018-08-28 03:00:00,13382.701
2018-08-28 06:00:00,14024.326
2018-08-28 09:00:00,13409.875
2018-08-28 12:00:00,9517.764
2018-08-28 15:00:00,9714.092
2018-08-28 18:00:00,11700.228
2018-08-28 21:00:00,13274.67
2018-08-29 00:00:00,13097.903
2018-08-29 03:00:00,13097.822
2018-08-29 06:00:00,14301.325
2018-08-29 09:00:00,14199.337
2018-08-29 12:00:00,11124.449
2018-08-29 15:00:00,9903.602
2018-08-29 18:00:00,12784.15
2018-08-29 21:00:00,13140.189
2018-08-30 00:00:00,12021.94
2018-08-30 03:00:00,12337.539
2018-08-30 06:00:00,14326.711
2018-08-30 09:00:00,13968.938
2018-08-30 12:00:00,11633.439
2018-08-30 15:00:00,10956.475
2018-08-30 18:00:00,12832.946
2018-08-30 21:00:00,13412.911
2018-08-31 00:00:00,13206.04
2018-08-31 03:00:00,13188.891
2018-08-31 06:00:00,14334.942
2018-08-31 09:00:00,14112.4795
2018-08-31 12:00:00,10054.771
2018-08-31 15:00:00,8774.531
2018-08-31 18:00:00,11466.008
2018-08-31 21:00:00,13530.361
2018-09-01 00:00:00,13478.432
2018-09-01 03:00:00,11703.077
2018-09-01 06:00:00,14325.736
2018-09-01 09:00:00,13747.93
2018-09-01 12:00:00,9507.943
2018-09-01 15:00:00,9728.805
2018-09-01 18:00:00,11217.169
2018-09-01 21:00:00,13398.223
2018-09-02 00:00:00,12805.718
2018-09-02 03:00:00,12489.242
2018-09-02 06:00:00,14195.586
2018-09-02 09:00:00,11691.095
2018-09-02 12:00:00,8467.16
2018-09-02 15:00:00,6832.4473
2018-09-02 18:00:00,8928.368
2018-09-02 21:00:00,10719.093
2018-09-03 00:00:00,10290.05
2018-09-03 03:00:00,9756.504
2018-09-03 06:00:00,10390.508
2018-09-03 09:00:00,10567.253
2018-09-03 12:00:00,7357.8984
2018-09-03 15:00:00,6504.62
2018-09-03 18:00:00,8120.3857
2018-09-03 21:00:00,10083.179
2018-09-04 00:00:00,9775.7
2018-09-04 03:00:00,9475.8955
2018-09-04 06:00:00,10240.579
2018-09-04 09:00:00,9976.88
2018-09-04 12:00:00,8198.845
2018-09-04 15:00:00,8160.1777
2018-09-04 18:00:00,9519.889
2018-09-04 21:00:00,10596.789
2018-09-05 00:00:00,10402.596
2018-09-05 03:00:00,10152.234
2018-09-05 06:00:00,9928.182
2018-09-05 09:00:00,13101.226
2018-09-05 12:00:00,11517.0625
2018-09-05 15:00:00,10206.854
2018-09-05 18:00:00,12480.267
2018-09-05 21:00:00,13441.777
2018-09-06 00:00:00,13129.123
2018-09-06 03:00:00,12725.599
2018-09-06 06:00:00,13948.528
2018-09-06 09:00:00,14415.328
2018-09-06 12:00:00,11204.375
2018-09-06 15:00:00,10730.775
2018-09-06 18:00:00,12248.78
2018-09-06 21:00:00,13747.587
2018-09-07 00:00:00,14050.744
2018-09-07 03:00:00,12896.294
2018-09-07 06:00:00,14464.692
2018-09-07 09:00:00,14309.484
2018-09-07 12:00:00,11283.653
2018-09-07 15:00:00,10721.883
2018-09-07 18:00:00,12643.1455
2018-09-07 21:00:00,13624.575
2018-09-08 00:00:00,13693.779
2018-09-08 03:00:00,13349.051
2018-09-08 06:00:00,13734.48
2018-09-08 09:00:00,14391.75
2018-09-08 12:00:00,11690.483
2018-09-08 15:00:00,9628.618
2018-09-08 18:00:00,12835.168
2018-09-08 21:00:00,13422.903
2018-09-09 00:00:00,13706.956
2018-09-09 03:00:00,13779.332
2018-09-09 06:00:00,14229.326
2018-09-09 09:00:00,14668.37
2018-09-09 12:00:00,10924.204
2018-09-09 15:00:00,10391.377
2018-09-09 18:00:00,12497.712
2018-09-09 21:00:00,13411.555
2018-09-10 00:00:00,13126.034
2018-09-10 03:00:00,12162.998
2018-09-10 06:00:00,13684.326
2018-09-10 09:00:00,14401.275
2018-09-10 12:00:00,10774.413
2018-09-10 15:00:00,10224.881
2018-09-10 18:00:00,12564.767
2018-09-10 21:00:00,12954.237
2018-09-11 00:00:00,12588.082
2018-09-11 03:00:00,13216.603
2018-09-11 06:00:00,13994.383
2018-09-11 09:00:00,13833.361
2018-09-11 12:00:00,11334.288
2018-09-11 15:00:00,10903.4375
2018-09-11 18:00:00,13349.083
2018-09-11 21:00:00,14087.205
2018-09-12 00:00:00,14210.998
2018-09-12 03:00:00,15120.548
2018-09-12 06:00:00,14849.632
2018-09-12 09:00:00,14932.09
2018-09-12 12:00:00,10903.679
2018-09-12 15:00:00,10158.415
2018-09-12 18:00:00,12329.53
2018-09-12 21:00:00,12838.77
2018-09-13 00:00:00,12361.601
2018-09-13 03:00:00,13234.125
2018-09-13 06:00:00,14638.305
2018-09-13 09:00:00,13870.861
2018-09-13 12:00:00,10978.441
2018-09-13 15:00:00,9186.204
2018-09-13 18:00:00,12146.569
2018-09-13 21:00:00,13386.132
2018-09-14 00:00:00,13835.837
2018-09-14 03:00:00,13486.742
2018-09-14 06:00:00,14804.884
2018-09-14 09:00:00,14332.566
2018-09-14 12:00:00,10589.018
2018-09-14 15:00:00,9812.751
2018-09-14 18:00:00,11994.124
2018-09-14 21:00:00,12310.3125
2018-09-15 00:00:00,13767.898
2018-09-15 03:00:00,13208.448
2018-09-15 06:00:00,13752.314
2018-09-15 09:00:00,14304.898
2018-09-15 12:00:00,10916.323
2018-09-15 15:00:00,9703.587
2018-09-15 18:00:00,13026.957
2018-09-15 21:00:00,12658.649
2018-09-16 00:00:00,14406.883
2018-09-16 03:00:00,14052.743
2018-09-16 06:00:00,14436.015
2018-09-16 09:00:00,14001.95
2018-09-16 12:00:00,10565.748
2018-09-16 15:00:00,9691.878
2018-09-16 18:00:00,12606.598
2018-09-16 21:00:00,14405.0205
2018-09-17 00:00:00,13591.435
2018-09-17 03:00:00,13961.582
2018-09-17 06:00:00,14862.33
2018-09-17 09:00:00,13778.082
2018-09-17 12:00:00,10799.973
2018-09-17 15:00:00,8951.076
2018-09-17 18:00:00,12137.996
2018-09-17 21:00:00,13363.338
2018-09-18 00:00:00,13695.074
2018-09-18 03:00:00,13022.279
2018-09-18 06:00:00,14893.14
2018-09-18 09:00:00,13844.918
2018-09-18 12:00:00,11918.144
2018-09-18 15:00:00,9757.023
2018-09-18 18:00:00,11577.254
2018-09-18 21:00:00,13762.259
2018-09-19 00:00:00,14052.73
2018-09-19 03:00:00,13762.448
2018-09-19 06:00:00,15379.034
2018-09-19 09:00:00,13702.003
2018-09-19 12:00:00,11406.778
2018-09-19 15:00:00,9827.769
2018-09-19 18:00:00,12551.877
2018-09-19 21:00:00,13947.304
2018-09-20 00:00:00,12968.673
2018-09-20 03:00:00,13339.542
2018-09-20 06:00:00,13761.877
2018-09-20 09:00:00,14071.949
2018-09-20 12:00:00,11464.939
2018-09-20 15:00:00,9189.659
2018-09-20 18:00:00,12155.8
2018-09-20 21:00:00,14069.95
2018-09-21 00:00:00,13430.226
2018-09-21 03:00:00,13844.2
2018-09-21 06:00:00,13854.86
2018-09-21 09:00:00,14192.218
2018-09-21 12:00:00,11462.974
2018-09-21 15:00:00,9817.188
2018-09-21 18:00:00,12371.085
2018-09-21 21:00:00,13768.474
2018-09-22 00:00:00,13473.051
2018-09-22 03:00:00,12527.669
2018-09-22 06:00:00,13709.0625
2018-09-22 09:00:00,14310.898
2018-09-22 12:00:00,12137.672
2018-09-22 15:00:00,9066.871
2018-09-22 18:00:00,12039.654
2018-09-22 21:00:00,12925.329
2018-09-23 00:00:00,13741.788
2018-09-23 03:00:00,12981.055
2018-09-23 06:00:00,14572.728
2018-09-23 09:00:00,14449.074
2018-09-23 12:00:00,11432.97
2018-09-23 15:00:00,9678.6045
2018-09-23 18:00:00,11921.254
2018-09-23 21:00:00,12763.678
2018-09-24 00:00:00,13091.463
2018-09-24 03:00:00,11804.675
2018-09-24 06:00:00,12848.56
2018-09-24 09:00:00,12283.15
2018-09-24 12:00:00,9202.168
2018-09-24 15:00:00,9492.233
2018-09-24 18:00:00,11878.439
2018-09-24 21:00:00,11728.054
2018-09-25 00:00:00,12070.224
2018-09-25 03:00:00,12379.627
2018-09-25 06:00:00,12071.239
2018-09-25 09:00:00,13454.272
2018-09-25 12:00:00,10370.42
2018-09-25 15:00:00,9297.605
2018-09-25 18:00:00,11959.793
2018-09-25 21:00:00,12019.843
2018-09-26 00:00:00,11489.495
2018-09-26 03:00:00,13966.148
2018-09-26 06:00:00,13315.096
2018-09-26 09:00:00,14342.906
2018-09-26 12:00:00,10407.385
2018-09-26 15:00:00,9464.632
2018-09-26 18:00:00,12513.53
2018-09-26 21:00:00,12480.299
2018-09-27 00:00:00,12861.053
2018-09-27 03:00:00,13276.888
2018-09-27 06:00:00,13976.58
2018-09-27 09:00:00,13723.583
2018-09-27 12:00:00,10735.752
2018-09-27 15:00:00,9578.592
2018-09-27 18:00:00,11923.554
2018-09-27 21:00:00,13914.444
2018-09-28 00:00:00,13394.841
2018-09-28 03:00:00,14156.433
2018-09-28 06:00:00,13475.698
2018-09-28 09:00:00,13467.218
2018-09-28 12:00:00,10536.723
2018-09-28 15:00:00,10173.215
2018-09-28 18:00:00,12000.027
2018-09-28 21:00:00,12796.873
2018-09-29 00:00:00,13481.293
2018-09-29 03:00:00,14127.246
2018-09-29 06:00:00,14267.992
2018-09-29 09:00:00,12621.158
2018-09-29 12:00:00,10737.719
2018-09-29 15:00:00,10585.034
2018-09-29 18:00:00,12645.239
2018-09-29 21:00:00,13917.224
2018-09-30 00:00:00,14036.087
2018-09-30 03:00:00,13380.881
2018-09-30 06:00:00,14238.001
2018-09-30 09:00:00,13669.152
2018-09-30 12:00:00,8988.998
2018-09-30 15:00:00,8263.349
2018-09-30 18:00:00,10822.536
2018-09-30 21:00:00,13301.799
2018-10-01 00:00:00,12987.208
2018-10-01 03:00:00,12060.111
2018-10-01 06:00:00,14188.656
2018-10-01 09:00:00,12431.368
2018-10-01 12:00:00,8919.7
2018-10-01 15:00:00,7876.459
2018-10-01 18:00:00,10490.362
2018-10-01 21:00:00,13278.349
2018-10-02 00:00:00,12073.878
2018-10-02 03:00:00,11215.869
2018-10-02 06:00:00,13232.757
2018-10-02 09:00:00,8303.394
2018-10-02 12:00:00,7495.8174
2018-10-02 15:00:00,6146.138
2018-10-02 18:00:00,7687.229
2018-10-02 21:00:00,10229.754
2018-10-03 00:00:00,9795.754
2018-10-03 03:00:00,8800.398
2018-10-03 06:00:00,10265.558
2018-10-03 09:00:00,8374.722
2018-10-03 12:00:00,8173.482
2018-10-03 15:00:00,6712.9375
2018-10-03 18:00:00,7900.081
2018-10-03 21:00:00,10201.777
2018-10-04 00:00:00,9562.55
2018-10-04 03:00:00,8789.511
2018-10-04 06:00:00,9909.146
2018-10-04 09:00:00,10827.328
2018-10-04 12:00:00,9278.168
2018-10-04 15:00:00,7540.339
2018-10-04 18:00:00,9804.078
2018-10-04 21:00:00,10711.619
2018-10-05 00:00:00,10506.034
2018-10-05 03:00:00,10408.103
2018-10-05 06:00:00,10418.558
2018-10-05 09:00:00,12585.521
2018-10-05 12:00:00,10977.344
2018-10-05 15:00:00,10314.982
2018-10-05 18:00:00,12343.295
2018-10-05 21:00:00,13419.237
2018-10-06 00:00:00,13265.346
2018-10-06 03:00:00,13248.712
2018-10-06 06:00:00,13732.354
2018-10-06 09:00:00,13734.016
2018-10-06 12:00:00,11312.173
2018-10-06 15:00:00,10855.417
2018-10-06 18:00:00,12930.151
2018-10-06 21:00:00,13458.588
2018-10-07 00:00:00,13167.597
2018-10-07 03:00:00,12192.207
2018-10-07 06:00:00,13193.187
2018-10-07 09:00:00,13485.288
2018-10-07 12:00:00,10367.247
2018-10-07 15:00:00,10187.955
2018-10-07 18:00:00,11988.012
2018-10-07 21:00:00,13314.334
2018-10-08 00:00:00,12893.067
2018-10-08 03:00:00,12646.967
2018-10-08 06:00:00,14565.468
2018-10-08 09:00:00,13215.744
2018-10-08 12:00:00,10613.652
2018-10-08 15:00:00,10218.266
2018-10-08 18:00:00,11926.415
2018-10-08 21:00:00,13659.732
2018-10-09 00:00:00,13655.163
2018-10-09 03:00:00,12896.225
2018-10-09 06:00:00,14567.501
2018-10-09 09:00:00,14261.664
2018-10-09 12:00:00,10927.82
2018-10-09 15:00:00,10050.876
2018-10-09 18:00:00,12070.456
2018-10-09 21:00:00,13726.965
2018-10-10 00:00:00,14010.76
2018-10-10 03:00:00,14160.184
2018-10-10 06:00:00,14916.178
2018-10-10 09:00:00,15123.785
2018-10-10 12:00:00,11717.091
2018-10-10 15:00:00,9442.983
2018-10-10 18:00:00,11983.542
2018-10-10 21:00:00,14407.202
2018-10-11 00:00:00,13567.66
2018-10-11 03:00:00,14042.374
2018-10-11 06:00:00,15012.721
2018-10-11 09:00:00,14241.981
2018-10-11 12:00:00,11532.423
2018-10-11 15:00:00,9396.816
2018-10-11 18:00:00,11834.512
2018-10-11 21:00:00,14340.103
2018-10-12 00:00:00,14235.1045
2018-10-12 03:00:00,14404.314
2018-10-12 06:00:00,15466.468
2018-10-12 09:00:00,14116.902
2018-10-12 12:00:00,11895.941
2018-10-12 15:00:00,9776.677
2018-10-12 18:00:00,12290.144
2018-10-12 21:00:00,13820.491
2018-10-13 00:00:00,14515.061
2018-10-13 03:00:00,13732.91
2018-10-13 06:00:00,14379.588
2018-10-13 09:00:00,14051.938
2018-10-13 12:00:00,11255.958
2018-10-13 15:00:00,8201.131
2018-10-13 18:00:00,11607.141
2018-10-13 21:00:00,13343.452
2018-10-14 00:00:00,13228.789
2018-10-14 03:00:00,11957.632
2018-10-14 06:00:00,12844.716
2018-10-14 09:00:00,11970.497
2018-10-14 12:00:00,7513.3584
2018-10-14 15:00:00,6582.756
2018-10-14 18:00:00,7862.9346
2018-10-14 21:00:00,10952.642
2018-10-15 00:00:00,10452.415
2018-10-15 03:00:00,11740.46
2018-10-15 06:00:00,12478.629
2018-10-15 09:00:00,12452.422
2018-10-15 12:00:00,7239.0015
2018-10-15 15:00:00,5153.5503
2018-10-15 18:00:00,10119.852
2018-10-15 21:00:00,12508.88
2018-10-16 00:00:00,13050.428
2018-10-16 03:00:00,14030.765
2018-10-16 06:00:00,14309.559
2018-10-16 09:00:00,13329.336
2018-10-16 12:00:00,11065.47
2018-10-16 15:00:00,8999.122
2018-10-16 18:00:00,12339.486
2018-10-16 21:00:00,14540.905
2018-10-17 00:00:00,13952.034
2018-10-17 03:00:00,13804.095
2018-10-17 06:00:00,14576.194
2018-10-17 09:00:00,13847.073
2018-10-17 12:00:00,10687.801
2018-10-17 15:00:00,9770.955
2018-10-17 18:00:00,11180.16
2018-10-17 21:00:00,14486.869
2018-10-18 00:00:00,13960.465
2018-10-18 03:00:00,13513.379
2018-10-18 06:00:00,14696.3545
2018-10-18 09:00:00,13891.382
2018-10-18 12:00:00,8090.9526
2018-10-18 15:00:00,6806.1216
2018-10-18 18:00:00,10684.472
2018-10-18 21:00:00,13496.1
2018-10-19 00:00:00,12883.023
2018-10-19 03:00:00,11787.878
2018-10-19 06:00:00,14140.746
2018-10-19 09:00:00,13261.453
2018-10-19 12:00:00,8743.999
2018-10-19 15:00:00,8345.269
2018-10-19 18:00:00,11822.049
2018-10-19 21:00:00,12906.415
2018-10-20 00:00:00,12749.964
2018-10-20 03:00:00,14445.481
2018-10-20 06:00:00,14151.272
2018-10-20 09:00:00,15157.238
2018-10-20 12:00:00,11012.284
2018-10-20 15:00:00,9801.501
2018-10-20 18:00:00,11978.661
2018-10-20 21:00:00,13921.194
2018-10-21 00:00:00,14021.971
2018-10-21 03:00:00,13788.853
2018-10-21 06:00:00,14174.63
2018-10-21 09:00:00,13503.017
2018-10-21 12:00:00,11075.307
2018-10-21 15:00:00,8567.711
2018-10-21 18:00:00,11778.546
2018-10-21 21:00:00,13632.261
2018-10-22 00:00:00,13216.71
2018-10-22 03:00:00,13424.82
2018-10-22 06:00:00,13810.328
2018-10-22 09:00:00,13288.653
2018-10-22 12:00:00,10098.1875
2018-10-22 15:00:00,9861.412
2018-10-22 18:00:00,10892.799
2018-10-22 21:00:00,11332.244
2018-10-23 00:00:00,12641.026
2018-10-23 03:00:00,13124.831
2018-10-23 06:00:00,13698.139
2018-10-23 09:00:00,12898.974
2018-10-23 12:00:00,10007.469
2018-10-23 15:00:00,8322.388
2018-10-23 18:00:00,10948.101
2018-10-23 21:00:00,12973.66
2018-10-24 00:00:00,13073.309
2018-10-24 03:00:00,13306.399
2018-10-24 06:00:00,13557.675
2018-10-24 09:00:00,12694.3545
2018-10-24 12:00:00,9987.515
2018-10-24 15:00:00,8936.182
2018-10-24 18:00:00,11285.597
2018-10-24 21:00:00,12714.972
2018-10-25 00:00:00,13708.578
2018-10-25 03:00:00,13864.54
2018-10-25 06:00:00,15198.07
2018-10-25 09:00:00,14099.023
2018-10-25 12:00:00,11309.2295
2018-10-25 15:00:00,8980.971
2018-10-25 18:00:00,11750.059
2018-10-25 21:00:00,14388.918
2018-10-26 00:00:00,14063.8955
2018-10-26 03:00:00,13701.054
2018-10-26 06:00:00,15216.061
2018-10-26 09:00:00,14445.188
2018-10-26 12:00:00,11753.947
2018-10-26 15:00:00,7828.7065
2018-10-26 18:00:00,12619.9375
2018-10-26 21:00:00,13907.266
2018-10-27 00:00:00,14407.553
2018-10-27 03:00:00,12763.786
2018-10-27 06:00:00,14166.132
2018-10-27 09:00:00,12659.458
2018-10-27 12:00:00,8182.689
2018-10-27 15:00:00,6941.518
2018-10-27 18:00:00,11267.902
2018-10-27 21:00:00,12034.458
2018-10-28 00:00:00,13526.093
2018-10-28 03:00:00,14522.155
2018-10-28 06:00:00,14770.007
2018-10-28 09:00:00,12569.044
2018-10-28 12:00:00,8350.678
2018-10-28 15:00:00,1654.0035
2018-10-28 18:00:00,7163.249
2018-10-28 21:00:00,10677.889
2018-10-29 00:00:00,12917.318
2018-10-29 03:00:00,13816.448
2018-10-29 06:00:00,9910.106
2018-10-29 09:00:00,7833.8203
2018-10-29 12:00:00,3215.0085
2018-10-29 15:00:00,-519.57385
2018-10-29 18:00:00,3617.0112
2018-10-29 21:00:00,5945.4414
2018-10-30 00:00:00,8452.439
2018-10-30 03:00:00,6844.452
2018-10-30 06:00:00,11220.738
2018-10-30 09:00:00,11715.088
2018-10-30 12:00:00,7656.222
2018-10-30 15:00:00,5677.734
2018-10-30 18:00:00,8893.311
2018-10-30 21:00:00,12912.992
2018-10-31 00:00:00,16138.448
2018-10-31 03:00:00,13947.63
2018-10-31 06:00:00,14762.5205
2018-10-31 09:00:00,12965.619
2018-10-31 12:00:00,8231.337
2018-10-31 15:00:00,7055.384
2018-10-31 18:00:00,9641.993
2018-10-31 21:00:00,13441.965
2018-11-01 00:00:00,13533.112
2018-11-01 03:00:00,12892.314
2018-11-01 06:00:00,14000.451
2018-11-01 09:00:00,14013.284
2018-11-01 12:00:00,9307.116
2018-11-01 15:00:00,7718.709
2018-11-01 18:00:00,11174.131
2018-11-01 21:00:00,13324.268
2018-11-02 00:00:00,13125.527
2018-11-02 03:00:00,12892.275
2018-11-02 06:00:00,13130.832
2018-11-02 09:00:00,11152.444
2018-11-02 12:00:00,7271.316
2018-11-02 15:00:00,4916.1714
2018-11-02 18:00:00,9025.343
2018-11-02 21:00:00,10991.817
2018-11-03 00:00:00,10554.641
2018-11-03 03:00:00,9913.315
2018-11-03 06:00:00,10361.652
2018-11-03 09:00:00,10889.041
2018-11-03 12:00:00,6365.8296
2018-11-03 15:00:00,5540.44
2018-11-03 18:00:00,8740.628
2018-11-03 21:00:00,10845.906
2018-11-04 00:00:00,10433.192
2018-11-04 03:00:00,9998.129
2018-11-04 06:00:00,10392.818
2018-11-04 09:00:00,9797.116
2018-11-04 12:00:00,5966.366
2018-11-04 15:00:00,4487.1387
2018-11-04 18:00:00,7904.383
2018-11-04 21:00:00,8890.421
2018-11-05 00:00:00,9232.468
2018-11-05 03:00:00,10182.051
2018-11-05 06:00:00,10992.816
2018-11-05 09:00:00,13694.612
2018-11-05 12:00:00,9259.789
2018-11-05 15:00:00,8835.078
2018-11-05 18:00:00,12378.211
2018-11-05 21:00:00,12133.4
2018-11-06 00:00:00,12941.136
2018-11-06 03:00:00,11266.931
2018-11-06 06:00:00,13191.088
2018-11-06 09:00:00,13166.122
2018-11-06 12:00:00,9546.184
2018-11-06 15:00:00,8410.79
2018-11-06 18:00:00,12196.614
2018-11-06 21:00:00,14514.336
2018-11-07 00:00:00,13458.113
2018-11-07 03:00:00,13536.101
2018-11-07 06:00:00,14412.495
2018-11-07 09:00:00,14111.548
2018-11-07 12:00:00,9647.394
2018-11-07 15:00:00,9343.605
2018-11-07 18:00:00,12485.331
2018-11-07 21:00:00,14133.11
2018-11-08 00:00:00,15060.581
2018-11-08 03:00:00,15047.788
2018-11-08 06:00:00,15577.841
2018-11-08 09:00:00,14329.56
2018-11-08 12:00:00,10770.591
2018-11-08 15:00:00,10034.721
2018-11-08 18:00:00,12534.539
2018-11-08 21:00:00,14071.657
2018-11-09 00:00:00,14004.44
2018-11-09 03:00:00,12605.7295
2018-11-09 06:00:00,13390.277
2018-11-09 09:00:00,13228.926
2018-11-09 12:00:00,10115.406
2018-11-09 15:00:00,9425.986
2018-11-09 18:00:00,12173.007
2018-11-09 21:00:00,13889.079
2018-11-10 00:00:00,13694.791
2018-11-10 03:00:00,12423.366
2018-11-10 06:00:00,13802.745
2018-11-10 09:00:00,13623.246
2018-11-10 12:00:00,9104.609
2018-11-10 15:00:00,7737.2305
2018-11-10 18:00:00,11584.113
2018-11-10 21:00:00,12600.989
2018-11-11 00:00:00,13341.771
2018-11-11 03:00:00,13532.76
2018-11-11 06:00:00,14293.721
2018-11-11 09:00:00,14215.742
2018-11-11 12:00:00,10887.299
2018-11-11 15:00:00,9810.684
2018-11-11 18:00:00,12993.235
2018-11-11 21:00:00,14501.694
2018-11-12 00:00:00,14596.351
2018-11-12 03:00:00,14061.93
2018-11-12 06:00:00,15804.028
2018-11-12 09:00:00,14383.275
2018-11-12 12:00:00,10794.326
2018-11-12 15:00:00,9814.389
2018-11-12 18:00:00,13133.06
2018-11-12 21:00:00,15434.327
2018-11-13 00:00:00,15246.9
2018-11-13 03:00:00,15036.795
2018-11-13 06:00:00,15526.781
2018-11-13 09:00:00,13766.895
2018-11-13 12:00:00,10310.042
2018-11-13 15:00:00,10211.152
2018-11-13 18:00:00,12198.421
2018-11-13 21:00:00,14855.217
2018-11-14 00:00:00,15023.722
2018-11-14 03:00:00,16385.514
2018-11-14 06:00:00,16700.113
2018-11-14 09:00:00,14807.592
2018-11-14 12:00:00,9423.455
2018-11-14 15:00:00,10190.331
2018-11-14 18:00:00,13830.624
2018-11-14 21:00:00,16087.194
2018-11-15 00:00:00,15908.095
2018-11-15 03:00:00,14373.673
2018-11-15 06:00:00,14989.198
2018-11-15 09:00:00,14662.499
2018-11-15 12:00:00,9109.577
2018-11-15 15:00:00,9391.051
2018-11-15 18:00:00,12260.642
2018-11-15 21:00:00,15164.085
2018-11-16 00:00:00,16408.771
2018-11-16 03:00:00,14514.6
2018-11-16 06:00:00,15553.497
2018-11-16 09:00:00,15389.406
2018-11-16 12:00:00,10425.535
2018-11-16 15:00:00,8987.825
2018-11-16 18:00:00,12740.524
2018-11-16 21:00:00,14973.274
2018-11-17 00:00:00,15504.399
2018-11-17 03:00:00,14857.606
2018-11-17 06:00:00,15776.864
2018-11-17 09:00:00,13488.611
2018-11-17 12:00:00,8887.561
2018-11-17 15:00:00,8695.073
2018-11-17 18:00:00,12872.216
2018-11-17 21:00:00,15415.759
2018-11-18 00:00:00,15263.056
2018-11-18 03:00:00,14740.456
2018-11-18 06:00:00,15156.645
2018-11-18 09:00:00,13990.186
2018-11-18 12:00:00,8598.635
2018-11-18 15:00:00,7519.6064
2018-11-18 18:00:00,9906.313
2018-11-18 21:00:00,12334.371
2018-11-19 00:00:00,13744.08
2018-11-19 03:00:00,13151.866
2018-11-19 06:00:00,14337.684
2018-11-19 09:00:00,13875.923
2018-11-19 12:00:00,9317.896
2018-11-19 15:00:00,8277.429
2018-11-19 18:00:00,10773.226
2018-11-19 21:00:00,14825.269
2018-11-20 00:00:00,15231.041
2018-11-20 03:00:00,12546.666
2018-11-20 06:00:00,12618.548
2018-11-20 09:00:00,10935.584
2018-11-20 12:00:00,7749.6978
2018-11-20 15:00:00,3658.5442
2018-11-20 18:00:00,7379.6904
2018-11-20 21:00:00,13192.757
2018-11-21 00:00:00,10846.928
2018-11-21 03:00:00,12347.939
2018-11-21 06:00:00,15842.167
2018-11-21 09:00:00,12522.937
2018-11-21 12:00:00,7192.8833
2018-11-21 15:00:00,5384.983
2018-11-21 18:00:00,10658.893
2018-11-21 21:00:00,16683.043
2018-11-22 00:00:00,16798.611
2018-11-22 03:00:00,16968.584
2018-11-22 06:00:00,17808.117
2018-11-22 09:00:00,14295.836
2018-11-22 12:00:00,6904.3774
2018-11-22 15:00:00,6863.6177
2018-11-22 18:00:00,12336.767
2018-11-22 21:00:00,15497.231
2018-11-23 00:00:00,15616.364
2018-11-23 03:00:00,15520.587
2018-11-23 06:00:00,15861.392
2018-11-23 09:00:00,14242.111
2018-11-23 12:00:00,8088.964
2018-11-23 15:00:00,2982.39
2018-11-23 18:00:00,8292.755
2018-11-23 21:00:00,15386.188
2018-11-24 00:00:00,16401.893
2018-11-24 03:00:00,15592.794
2018-11-24 06:00:00,17665.504
2018-11-24 09:00:00,16011.139
2018-11-24 12:00:00,7787.8203
2018-11-24 15:00:00,6872.7085
2018-11-24 18:00:00,11747.913
2018-11-24 21:00:00,15645.565
2018-11-25 00:00:00,15466.184
2018-11-25 03:00:00,14820.977
2018-11-25 06:00:00,13825.663
2018-11-25 09:00:00,11685.419
2018-11-25 12:00:00,5281.347
2018-11-25 15:00:00,4515.3584
2018-11-25 18:00:00,8517.624
2018-11-25 21:00:00,8801.633
2018-11-26 00:00:00,12203.892
2018-11-26 03:00:00,9263.96
2018-11-26 06:00:00,8042.1675
2018-11-26 09:00:00,8955.439
2018-11-26 12:00:00,4071.9775
2018-11-26 15:00:00,1745.2412
2018-11-26 18:00:00,8751.571
2018-11-26 21:00:00,14342.388
2018-11-27 00:00:00,13269.327
2018-11-27 03:00:00,13737.181
2018-11-27 06:00:00,16257.329
2018-11-27 09:00:00,14245.567
2018-11-27 12:00:00,7061.06
2018-11-27 15:00:00,7268.1567
2018-11-27 18:00:00,11833.219
2018-11-27 21:00:00,14714.918
2018-11-28 00:00:00,14224.18
2018-11-28 03:00:00,13638.513
2018-11-28 06:00:00,15590.4795
2018-11-28 09:00:00,12679.94
2018-11-28 12:00:00,9245.544
2018-11-28 15:00:00,7806.153
2018-11-28 18:00:00,12167.085
2018-11-28 21:00:00,15223.86
2018-11-29 00:00:00,14543.435
2018-11-29 03:00:00,15257.794
2018-11-29 06:00:00,16349.755
2018-11-29 09:00:00,13913.219
2018-11-29 12:00:00,9858.779
2018-11-29 15:00:00,7609.793
2018-11-29 18:00:00,12415.199
2018-11-29 21:00:00,14495.2295
2018-11-30 00:00:00,15717.63
2018-11-30 03:00:00,13750.107
2018-11-30 06:00:00,15056.735
2018-11-30 09:00:00,13407.177
2018-11-30 12:00:00,7159.2
2018-11-30 15:00:00,6870.0474
2018-11-30 18:00:00,9960.513
2018-11-30 21:00:00,13241.171
2018-12-01 00:00:00,13059.698
2018-12-01 03:00:00,12224.901
2018-12-01 06:00:00,14048.102
2018-12-01 09:00:00,13755.683
2018-12-01 12:00:00,9310.769
2018-12-01 15:00:00,7745.431
2018-12-01 18:00:00,11199.784
2018-12-01 21:00:00,13242.578
2018-12-02 00:00:00,12878.667
2018-12-02 03:00:00,12591.27
2018-12-02 06:00:00,14799.505
2018-12-02 09:00:00,12273.119
2018-12-02 12:00:00,8310.692
2018-12-02 15:00:00,6307.4644
2018-12-02 18:00:00,9457.528
2018-12-02 21:00:00,11187.751
2018-12-03 00:00:00,10946.354
2018-12-03 03:00:00,10095.887
2018-12-03 06:00:00,10367.907
2018-12-03 09:00:00,10906.533
2018-12-03 12:00:00,7594.7915
2018-12-03 15:00:00,5924.7417
2018-12-03 18:00:00,9072.018
2018-12-03 21:00:00,10259.41
2018-12-04 00:00:00,10221.624
2018-12-04 03:00:00,10243.132
2018-12-04 06:00:00,9552.009
2018-12-04 09:00:00,10742.03
2018-12-04 12:00:00,8957.3955
2018-12-04 15:00:00,8436.697
2018-12-04 18:00:00,10652.65
2018-12-04 21:00:00,11780.436
2018-12-05 00:00:00,11053.506
2018-12-05 03:00:00,11145.413
2018-12-05 06:00:00,11995.928
2018-12-05 09:00:00,12780.95
2018-12-05 12:00:00,11829.796
2018-12-05 15:00:00,9563.926
2018-12-05 18:00:00,12696.324
2018-12-05 21:00:00,14259.148
2018-12-06 00:00:00,14739.755
2018-12-06 03:00:00,13949.653
2018-12-06 06:00:00,15279.556
2018-12-06 09:00:00,12640.466
2018-12-06 12:00:00,9590.352
2018-12-06 15:00:00,9149.465
2018-12-06 18:00:00,11670.101
2018-12-06 21:00:00,13402.57
2018-12-07 00:00:00,13606.951
2018-12-07 03:00:00,12862.377
2018-12-07 06:00:00,14188.567
2018-12-07 09:00:00,14019.714
2018-12-07 12:00:00,10120.904
2018-12-07 15:00:00,8587.244
2018-12-07 18:00:00,11724.416
2018-12-07 21:00:00,13308.655
2018-12-08 00:00:00,13693.558
2018-12-08 03:00:00,15904.729
2018-12-08 06:00:00,13908.652
2018-12-08 09:00:00,14121.006
2018-12-08 12:00:00,8881.171
2018-12-08 15:00:00,9696.321
2018-12-08 18:00:00,11386.791
2018-12-08 21:00:00,14170.348
2018-12-09 00:00:00,13553.776
2018-12-09 03:00:00,12988.495
2018-12-09 06:00:00,14726.172
2018-12-09 09:00:00,13437.949
2018-12-09 12:00:00,8167.9067
2018-12-09 15:00:00,9795.529
2018-12-09 18:00:00,11105.137
2018-12-09 21:00:00,12750.5
2018-12-10 00:00:00,12775.236
2018-12-10 03:00:00,12686.4795
2018-12-10 06:00:00,14549.227
2018-12-10 09:00:00,13527.647
2018-12-10 12:00:00,8682.506
2018-12-10 15:00:00,8288.235
2018-12-10 18:00:00,12103.806
2018-12-10 21:00:00,14996.173
2018-12-11 00:00:00,15113.436
2018-12-11 03:00:00,14323.826
2018-12-11 06:00:00,15164.498
2018-12-11 09:00:00,15005.678
2018-12-11 12:00:00,10901.4
2018-12-11 15:00:00,9790.017
2018-12-11 18:00:00,12624.411
2018-12-11 21:00:00,15406.904
2018-12-12 00:00:00,14944.198
2018-12-12 03:00:00,14267.819
2018-12-12 06:00:00,16868.64
2018-12-12 09:00:00,15728.82
2018-12-12 12:00:00,9482.653
2018-12-12 15:00:00,6974.335
2018-12-12 18:00:00,11654.905
2018-12-12 21:00:00,14518.708
2018-12-13 00:00:00,14690.591
2018-12-13 03:00:00,12613.384
2018-12-13 06:00:00,13261.988
2018-12-13 09:00:00,12314.48
2018-12-13 12:00:00,6002.3477
2018-12-13 15:00:00,2796.628
2018-12-13 18:00:00,8210.518
2018-12-13 21:00:00,14431.543
2018-12-14 00:00:00,11815.193
2018-12-14 03:00:00,11940.439
2018-12-14 06:00:00,13837.0625
2018-12-14 09:00:00,10462.016
2018-12-14 12:00:00,5438.0605
2018-12-14 15:00:00,4502.972
2018-12-14 18:00:00,9688.469
2018-12-14 21:00:00,14171.175
2018-12-15 00:00:00,14706.558
2018-12-15 03:00:00,13743.643
2018-12-15 06:00:00,15165.733
2018-12-15 09:00:00,14009.217
2018-12-15 12:00:00,8772.678
2018-12-15 15:00:00,7787.179
2018-12-15 18:00:00,10127.474
2018-12-15 21:00:00,12402.804
2018-12-16 00:00:00,12309.095
2018-12-16 03:00:00,12951.84
2018-12-16 06:00:00,14378.11
2018-12-16 09:00:00,13768.45
2018-12-16 12:00:00,7334.3594
2018-12-16 15:00:00,4640.584
2018-12-16 18:00:00,8460.196
2018-12-16 21:00:00,12761.523
2018-12-17 00:00:00,11680.738
2018-12-17 03:00:00,11543.068
2018-12-17 06:00:00,14600.584
2018-12-17 09:00:00,14518.82
2018-12-17 12:00:00,8320.53
2018-12-17 15:00:00,5579.4863
2018-12-17 18:00:00,11476.1045
2018-12-17 21:00:00,14926.372
2018-12-18 00:00:00,14539.691
2018-12-18 03:00:00,14616.152
2018-12-18 06:00:00,15946.017
2018-12-18 09:00:00,14989.157
2018-12-18 12:00:00,9104.357
2018-12-18 15:00:00,7696.423
2018-12-18 18:00:00,13086.437
2018-12-18 21:00:00,16949.277
2018-12-19 00:00:00,15362.604
2018-12-19 03:00:00,14831.61
2018-12-19 06:00:00,15199.306
2018-12-19 09:00:00,13302.442
2018-12-19 12:00:00,5811.3677
2018-12-19 15:00:00,3166.571
2018-12-19 18:00:00,11126.68
2018-12-19 21:00:00,15311.267
2018-12-20 00:00:00,16437.547
2018-12-20 03:00:00,15088.285
2018-12-20 06:00:00,16263.125
2018-12-20 09:00:00,14591.603
2018-12-20 12:00:00,8917.23
2018-12-20 15:00:00,7209.431
2018-12-20 18:00:00,10819.816
2018-12-20 21:00:00,14144.1
2018-12-21 00:00:00,15226.095
2018-12-21 03:00:00,14955.696
2018-12-21 06:00:00,15775.089
2018-12-21 09:00:00,14803.546
2018-12-21 12:00:00,8412.359
2018-12-21 15:00:00,6910.964
2018-12-21 18:00:00,11222.947
2018-12-21 21:00:00,15197.379
2018-12-22 00:00:00,15110.701
2018-12-22 03:00:00,14747.831
2018-12-22 06:00:00,14756.8955
2018-12-22 09:00:00,14547.287
2018-12-22 12:00:00,9635.121
2018-12-22 15:00:00,7760.3926
2018-12-22 18:00:00,12797.971
2018-12-22 21:00:00,14698.573
2018-12-23 00:00:00,14133.23
2018-12-23 03:00:00,14611.411
2018-12-23 06:00:00,15950.396
2018-12-23 09:00:00,14641.718
2018-12-23 12:00:00,11458.139
2018-12-23 15:00:00,7254.737
2018-12-23 18:00:00,11652.784
2018-12-23 21:00:00,14142.061
2018-12-24 00:00:00,13739.865
2018-12-24 03:00:00,14076.957
2018-12-24 06:00:00,15401.805
2018-12-24 09:00:00,14245.477
2018-12-24 12:00:00,8925.263
2018-12-24 15:00:00,8375.768
2018-12-24 18:00:00,11512.8545
2018-12-24 21:00:00,13657.409
2018-12-25 00:00:00,13581.331
2018-12-25 03:00:00,13946.712
2018-12-25 06:00:00,15026.479
2018-12-25 09:00:00,14245.195
2018-12-25 12:00:00,9881.188
2018-12-25 15:00:00,9306.873
2018-12-25 18:00:00,12452.257
2018-12-25 21:00:00,14178.267
2018-12-26 00:00:00,14460.686
2018-12-26 03:00:00,14006.591
2018-12-26 06:00:00,14939.782
2018-12-26 09:00:00,14275.902
2018-12-26 12:00:00,10117.359
2018-12-26 15:00:00,7719.27
2018-12-26 18:00:00,11848.622
2018-12-26 21:00:00,14115.645
2018-12-27 00:00:00,13734.775
2018-12-27 03:00:00,14382.592
2018-12-27 06:00:00,15525.605
2018-12-27 09:00:00,14609.616
2018-12-27 12:00:00,9337.774
2018-12-27 15:00:00,6245.4214
2018-12-27 18:00:00,11550.034
2018-12-27 21:00:00,14001.265
2018-12-28 00:00:00,13562.31
2018-12-28 03:00:00,14317.874
2018-12-28 06:00:00,14728.192
2018-12-28 09:00:00,13797.102
2018-12-28 12:00:00,9207.174
2018-12-28 15:00:00,7091.0347
2018-12-28 18:00:00,9910.955
2018-12-28 21:00:00,13690.057
2018-12-29 00:00:00,13248.856
2018-12-29 03:00:00,13485.221
2018-12-29 06:00:00,14429.56
2018-12-29 09:00:00,13477.548
2018-12-29 12:00:00,6996.8096
2018-12-29 15:00:00,4698.135
2018-12-29 18:00:00,10931.512
2018-12-29 21:00:00,14014.766
2018-12-30 00:00:00,14004.872
2018-12-30 03:00:00,13358.08
2018-12-30 06:00:00,14109.489
2018-12-30 09:00:00,12216.214
2018-12-30 12:00:00,8254.722
2018-12-30 15:00:00,7739.0103
2018-12-30 18:00:00,10559.19
2018-12-30 21:00:00,13637.625
2018-12-31 00:00:00,13149.927
2018-12-31 03:00:00,12803.806
2018-12-31 06:00:00,12810.959
2018-12-31 09:00:00,10591.148
2018-12-31 12:00:00,2641.3083
2018-12-31 15:00:00,731.62115
2018-12-31 18:00:00,3471.0845
2018-12-31 21:00:00,5881.6855
